category,industry,interest,name,created_at1,lead_count,last_lead_activity,group_id,user_type,lead_score,geoip_country,geoip_state,geoip_city,created_at,id,key,value,source,offer_category,offer_product,offer_price,offer_created_at,url,referrer,cid,utm_source,utm_medium,utm_campaign,utm_term,utm_content,properties,event_context
교육,유학,무료상담,9가지 초대박 혜택과 유학박람회 무료상담 신청하세요!,2024-07-04T22:07:00.203Z,2,2024-08-03T11:11:34.000Z,66871d047f4f2b001b80e6b8,visitor,0,Republic of Korea,,,2024-08-03T11:11:33.896Z,66ae10666bf68b00074451a4,visited_url,http://lp.iam2.co.kr/landing_eduhouse_0124/,web,상품판매,어학연수,0.0,2022-07-06,http://lp.iam2.co.kr/landing_eduhouse_0124/,,0zn4cwl3u99utg62,1.0,2.0,3.0,4,6.0,"{'value': 'https://usbabyfair.com/sub/sub3-2.php', 'referrer': '', 'page_title': '온라인 사전등록 | 울산베이비&amp;키즈페어', 'ip_address': '106.101.197.109'}",{'ip': '106.101.197.109'}
교육,유학,무료상담,9가지 초대박 혜택과 유학박람회 무료상담 신청하세요!,2024-07-04T22:07:00.203Z,2,2024-08-03T11:11:34.000Z,66871d047f4f2b001b80e6b8,visitor,0,Republic of Korea,,,2024-08-03T11:11:33.896Z,66ae1066643615000c0022aa,캠페인방문완료,2,web,상품판매,어학연수,0.0,2022-07-06,http://lp.iam2.co.kr/landing_eduhouse_0124/,,0zn4cwl3u99utg62,1.0,2.0,3.0,4,6.0,"{'value': 2, 'url': 'https://usbabyfair.com/sub/sub3-2.php', 'key': 'usbabyfair.com/sub/sub3-2.php', 'ip_address': '106.101.197.109', 'UTMConent': '온라인 사전등록 | 울산베이비&amp;키즈페어', 'Referrer': '', 'PageTitle': '온라인 사전등록 | 울산베이비&amp;키즈페어'}",{'ip': '106.101.197.109'}
,,,,2024-07-04T22:07:00.203Z,2,2024-08-03T11:11:34.000Z,66871d047f4f2b001b80e6b8,visitor,0,Republic of Korea,,,2024-08-03T11:11:33.896Z,66ae10663c6fe600064e481e,사이트신청방문,1,web,,,,,,,0zn4cwl3u99utg62,,,,,,"{'value': 1, 'key': 'usbabyfair.com/sub/sub3-2.php', 'ip_address': '106.101.197.109'}",{'ip': '106.101.197.109'}
,,,,2024-07-04T22:07:00.203Z,2,2024-08-03T11:11:34.000Z,66871d047f4f2b001b80e6b8,visitor,0,Republic of Korea,,,2024-08-03T11:11:33.896Z,66ae1068d706a0000636ba8a,added_to_list,669b51e67881df001cbb507b,,,,,,,,0zn4cwl3u99utg62,,,,,,{'value': '669b51e67881df001cbb507b'},"{'satisfaction': {'mask': [['669b51e67f4f2b001982af3c']], 'requirements': [{'_id': '669b51e67f4f2b001982af3c', 'after_seconds': 0, 'appetite': 1, 'appetite_operator': 'greater_than_or_equal', 'before_seconds': 0, 'operator': 'isset', 'positive': True, 'predicate': 'visited_url', 'type': 'visited-url', 'value': '', 'within_type': 'ever'}]}}"
,,,,2024-07-04T22:07:00.203Z,2,2024-08-03T11:11:34.000Z,66871d047f4f2b001b80e6b8,visitor,0,Republic of Korea,,,2024-08-03T11:11:33.896Z,66ae1068d706a0000636ba8b,added_to_list,66872671d579b2001953e029,,,,,,,,0zn4cwl3u99utg62,,,,,,{'value': '66872671d579b2001953e029'},"{'satisfaction': {'mask': [['668726727f4f2b001b80e88d'], 'or', ['668726727881df001cb398cc'], 'or', ['6687267261dda3001a3e59c3'], 'or', ['66872672d579b2f17780716c'], 'or', ['668726727f4f2b00197ad75c']], 'requirements': [{'_id': '668726727f4f2b00197ad75c', 'after_seconds': 0, 'appetite': 1, 'appetite_operator': 'greater_than_or_equal', 'before_seconds': 0, 'operator': 'isset', 'positive': True, 'predicate': '사이트스크롤다운', 'type': 'custom-event', 'value': None, 'within_type': 'ever'}, {'_id': '6687267261dda3001a3e59c3', 'after_seconds': 0, 'appetite': 1, 'appetite_operator': 'greater_than_or_equal', 'before_seconds': 0, 'operator': 'isset', 'positive': True, 'predicate': '페이지방문완료', 'type': 'custom-event', 'value': None, 'within_type': 'ever'}, {'_id': '668726727881df001cb398cc', 'after_seconds': 0, 'appetite': 1, 'appetite_operator': 'greater_than_or_equal', 'before_seconds': 0, 'operator': 'isset', 'positive': True, 'predicate': '사이트방문완료', 'type': 'custom-event', 'value': None, 'within_type': 'ever'}, {'_id': '66872672d579b2f17780716c', 'after_seconds': 0, 'appetite': 1, 'appetite_operator': 'greater_than_or_equal', 'before_seconds': 0, 'operator': 'isset', 'positive': True, 'predicate': 'KeywordTarget', 'type': 'custom-event', 'value': None, 'within_type': 'ever'}, {'_id': '668726727f4f2b001b80e88d', 'after_seconds': 0, 'appetite': 1, 'appetite_operator': 'greater_than_or_equal', 'before_seconds': 0, 'operator': 'isset', 'positive': True, 'predicate': '캠페인방문완료', 'type': 'custom-event', 'value': None, 'within_type': 'ever'}]}}"
,,,,2024-07-04T22:07:00.203Z,2,2024-08-03T11:11:34.000Z,66871d047f4f2b001b80e6b8,visitor,0,Republic of Korea,,,2024-08-03T11:11:33.896Z,66ae10686bf68b00074451b3,added_to_list,66871d047f4f2b001b80e6b8,,,,,,,,0zn4cwl3u99utg62,,,,,,{'value': '66871d047f4f2b001b80e6b8'},"{'satisfaction': {'mask': [['66871d047881df001b5a6f6f']], 'requirements': [{'_id': '66871d047881df001b5a6f6f', 'after_seconds': 0, 'appetite': 1, 'appetite_operator': 'greater_than_or_equal', 'before_seconds': 0, 'operator': 'isset', 'positive': True, 'predicate': '캠페인방문완료', 'type': 'custom-event', 'value': None, 'within_type': 'ever'}]}}"
,,,,2024-07-04T22:07:00.203Z,2,2024-08-03T11:11:34.000Z,66871d047f4f2b001b80e6b8,visitor,0,Republic of Korea,,,2024-08-03T11:11:33.896Z,66ae10686bf68b00074451b7,added_to_list,665bcca77f4f2b00196e0658,,,,,,,,0zn4cwl3u99utg62,,,,,,{'value': '665bcca77f4f2b00196e0658'},"{'satisfaction': {'mask': [['665bcca7d579b2001946894b']], 'requirements': [{'_id': '665bcca7d579b2001946894b', 'after_seconds': 0, 'appetite': 1, 'appetite_operator': 'greater_than_or_equal', 'before_seconds': 0, 'operator': 'isset', 'positive': True, 'predicate': 'visited_url', 'type': 'visited-url', 'value': '', 'within_type': 'ever'}]}}"
,,,,2024-07-04T22:07:00.203Z,2,2024-08-03T11:11:34.000Z,66871d047f4f2b001b80e6b8,visitor,0,Republic of Korea,,,2024-08-03T11:11:33.896Z,66ae10653c6fe600064e480b,스크롤다운,10,web,,,,,,,0zn4cwl3u99utg62,,,,,,"{'value': 10, 'key': 'usbabyfair.com/sub/sub3-2.php', 'ip_address': '106.101.197.109'}",{'ip': '106.101.197.109'}
,,,,2024-07-04T22:07:00.203Z,2,2024-08-03T11:11:34.000Z,66871d047f4f2b001b80e6b8,visitor,0,Republic of Korea,,,2024-08-03T11:06:01.392Z,66ae102b643615000c001a50,페이지전환완료,1,web,,,,,,,24hdp1xv3u9tz6fb,,,,,,"{'value': 1, 'ip_address': '122.37.16.152', 'URL': 'https://m.n-shine.com/product/detail.html?product_no=761&amp;fbclid=PAZXh0bgNhZW0BMAABpsIjsj8RlEYjJDsifPCWY-SPX_9cJJJS5DMUIi1SblWWVkztP00d6RfVZg_aem_km_pJMjo_8aM8INN8v0DxA', 'Referrer': 'http://instagram.com/'}",{'ip': '122.37.16.152'}
여가,워크숍 컨설팅,무료 체험,"기업체, 단체 워크숍 무료상담 신청하세요!",2024-07-04T22:07:00.203Z,2,2024-08-03T11:11:34.000Z,66871d047f4f2b001b80e6b8,visitor,0,Republic of Korea,,,2024-08-03T11:06:01.392Z,66ae102bd706a0000636b089,사이트전환완료,1,web,온라인판매,무료 체험,0.0,2023-02-01,http://lp.iam2.co.kr/landing_thearam_0305/,,24hdp1xv3u9tz6fb,7.0,8.0,9.0,10,12.0,"{'value': 1, 'url': 'https://m.n-shine.com/product/detail.html?product_no=761&amp;fbclid=PAZXh0bgNhZW0BMAABpsIjsj8RlEYjJDsifPCWY-SPX_9cJJJS5DMUIi1SblWWVkztP00d6RfVZg_aem_km_pJMjo_8aM8INN8v0DxA', 'product': '맨위로', 'ip_address': '122.37.16.152', 'category': 'undefined', 'Referrer': 'http://instagram.com/'}",{'ip': '122.37.16.152'}
여가,워크숍 컨설팅,무료 체험,"기업체, 단체 워크숍 무료상담 신청하세요!",2024-07-04T22:07:00.203Z,2,2024-08-03T11:11:34.000Z,66871d047f4f2b001b80e6b8,visitor,0,Republic of Korea,,,2024-08-03T11:06:01.392Z,66ae1020d706a0000636aeda,캠페인방문완료,2,web,온라인판매,무료 체험,0.0,2023-02-01,http://lp.iam2.co.kr/landing_thearam_0305/,,24hdp1xv3u9tz6fb,7.0,8.0,9.0,10,12.0,"{'value': 2, 'url': 'https://m.n-shine.com/product/detail.html?product_no=761&amp;fbclid=PAZXh0bgNhZW0BMAABpsIjsj8RlEYjJDsifPCWY-SPX_9cJJJS5DMUIi1SblWWVkztP00d6RfVZg_aem_km_pJMjo_8aM8INN8v0DxA', 'key': 'm.n-shine.com/product/detail.html', 'ip_address': '122.37.16.152', 'UTMConent': '자연으로 피부를 빛나게 하다 ■ Natural Shine homepage■', 'Referrer': 'http://instagram.com/', 'PageTitle': '자연으로 피부를 빛나게 하다 ■ Natural Shine homepage■'}",{'ip': '122.37.16.152'}
여가,워크숍 컨설팅,무료 체험,"기업체, 단체 워크숍 무료상담 신청하세요!",2024-07-04T22:07:00.203Z,2,2024-08-03T11:11:34.000Z,66871d047f4f2b001b80e6b8,visitor,0,Republic of Korea,,,2024-08-03T11:06:01.392Z,66ae101c6bf68b00074449b7,페이지방문완료,1,web,온라인판매,무료 체험,0.0,2023-02-01,http://lp.iam2.co.kr/landing_thearam_0305/,,24hdp1xv3u9tz6fb,7.0,8.0,9.0,10,12.0,"{'value': 1, 'url': 'https://m.n-shine.com/product/detail.html?product_no=761&amp;fbclid=PAZXh0bgNhZW0BMAABpsIjsj8RlEYjJDsifPCWY-SPX_9cJJJS5DMUIi1SblWWVkztP00d6RfVZg_aem_km_pJMjo_8aM8INN8v0DxA', 'ip_address': '122.37.16.152', 'Referrer': 'http://instagram.com/'}",{'ip': '122.37.16.152'}
여가,워크숍 컨설팅,무료 체험,"기업체, 단체 워크숍 무료상담 신청하세요!",2024-07-04T22:07:00.203Z,2,2024-08-03T11:11:34.000Z,66871d047f4f2b001b80e6b8,visitor,0,Republic of Korea,,,2024-08-03T11:06:01.392Z,66ae101cd706a0000636adde,visited_url,http://lp.iam2.co.kr/landing_thearam_0305/,web,온라인판매,무료 체험,0.0,2023-02-01,http://lp.iam2.co.kr/landing_thearam_0305/,,24hdp1xv3u9tz6fb,7.0,8.0,9.0,10,12.0,"{'value': 'https://m.n-shine.com/product/detail.html?product_no=761&amp;fbclid=PAZXh0bgNhZW0BMAABpsIjsj8RlEYjJDsifPCWY-SPX_9cJJJS5DMUIi1SblWWVkztP00d6RfVZg_aem_km_pJMjo_8aM8INN8v0DxA', 'referrer': 'http://instagram.com/', 'page_title': '자연으로 피부를 빛나게 하다 ■ Natural Shine homepage■', 'ip_address': '122.37.16.152'}",{'ip': '122.37.16.152'}
,,,,2024-07-04T22:07:00.203Z,2,2024-08-03T11:11:34.000Z,66871d047f4f2b001b80e6b8,visitor,0,Republic of Korea,,,2024-08-03T11:06:01.392Z,66ae101cd706a0000636addd,사이트방문완료,1,web,,,,,,,24hdp1xv3u9tz6fb,,,,,,"{'value': 1, 'ip_address': '122.37.16.152', 'URL': 'https://m.n-shine.com/product/detail.html?product_no=761&amp;fbclid=PAZXh0bgNhZW0BMAABpsIjsj8RlEYjJDsifPCWY-SPX_9cJJJS5DMUIi1SblWWVkztP00d6RfVZg_aem_km_pJMjo_8aM8INN8v0DxA', 'Referrer': 'http://instagram.com/'}",{'ip': '122.37.16.152'}
여가,워크숍 컨설팅,무료 체험,"기업체, 단체 워크숍 무료상담 신청하세요!",2024-07-04T22:07:00.203Z,2,2024-08-03T11:11:34.000Z,66871d047f4f2b001b80e6b8,visitor,0,Republic of Korea,,,2024-08-03T11:06:01.392Z,66ae10173c6fe600064e3cbb,캠페인방문완료,2,web,온라인판매,무료 체험,0.0,2023-02-01,http://lp.iam2.co.kr/landing_thearam_0305/,,24hdp1xv3u9tz6fb,7.0,8.0,9.0,10,12.0,"{'value': 2, 'url': 'https://m.n-shine.com/product/event.html?cate_no=202', 'key': 'm.n-shine.com/product/event.html', 'ip_address': '122.37.16.152', 'UTMConent': '자연으로 피부를 빛나게 하다 ■ Natural Shine homepage■', 'Referrer': 'https://m.n-shine.com/product/list.html?cate_no=107', 'PageTitle': '자연으로 피부를 빛나게 하다 ■ Natural Shine homepage■'}",{'ip': '122.37.16.152'}
,,,,2024-07-04T22:07:00.203Z,2,2024-08-03T11:11:34.000Z,66871d047f4f2b001b80e6b8,visitor,0,Republic of Korea,,,2024-08-03T11:06:01.392Z,66ae10163c6fe600064e3cb1,스트롤다운,75,web,,,,,,,24hdp1xv3u9tz6fb,,,,,,"{'value': '75', 'price': 1, 'ip_address': '122.37.16.152'}",{'ip': '122.37.16.152'}
여가,워크숍 컨설팅,무료 체험,"기업체, 단체 워크숍 무료상담 신청하세요!",2024-07-04T22:07:00.203Z,2,2024-08-03T11:11:34.000Z,66871d047f4f2b001b80e6b8,visitor,0,Republic of Korea,,,2024-08-03T11:06:01.392Z,66ae1016643615000c001793,visited_url,http://lp.iam2.co.kr/landing_thearam_0305/,web,온라인판매,무료 체험,0.0,2023-02-01,http://lp.iam2.co.kr/landing_thearam_0305/,,24hdp1xv3u9tz6fb,7.0,8.0,9.0,10,12.0,"{'value': 'https://m.n-shine.com/product/event.html?cate_no=202', 'referrer': 'https://m.n-shine.com/product/list.html?cate_no=107', 'page_title': '자연으로 피부를 빛나게 하다 ■ Natural Shine homepage■', 'ip_address': '122.37.16.152'}",{'ip': '122.37.16.152'}
,,,,2024-07-04T22:07:00.203Z,2,2024-08-03T11:11:34.000Z,66871d047f4f2b001b80e6b8,visitor,0,Republic of Korea,,,2024-08-03T11:06:01.392Z,66ae10166bf68b000744495d,스트롤다운,25,web,,,,,,,24hdp1xv3u9tz6fb,,,,,,"{'value': '25', 'price': 1, 'ip_address': '122.37.16.152'}",{'ip': '122.37.16.152'}
여가,워크숍 컨설팅,무료 체험,"기업체, 단체 워크숍 무료상담 신청하세요!",2024-07-04T22:07:00.203Z,2,2024-08-03T11:11:34.000Z,66871d047f4f2b001b80e6b8,visitor,0,Republic of Korea,,,2024-08-03T11:06:01.392Z,66ae10166bf68b000744495a,페이지방문완료,1,web,온라인판매,무료 체험,0.0,2023-02-01,http://lp.iam2.co.kr/landing_thearam_0305/,,24hdp1xv3u9tz6fb,7.0,8.0,9.0,10,12.0,"{'value': 1, 'url': 'https://m.n-shine.com/product/event.html?cate_no=202', 'ip_address': '122.37.16.152', 'Referrer': 'https://m.n-shine.com/product/list.html?cate_no=107'}",{'ip': '122.37.16.152'}
,,,,2024-07-04T22:07:00.203Z,2,2024-08-03T11:11:34.000Z,66871d047f4f2b001b80e6b8,visitor,0,Republic of Korea,,,2024-08-03T11:06:01.392Z,66ae10163c6fe600064e3c94,스트롤다운,50,web,,,,,,,24hdp1xv3u9tz6fb,,,,,,"{'value': '50', 'price': 1, 'ip_address': '122.37.16.152'}",{'ip': '122.37.16.152'}
,,,,2024-07-04T22:07:00.203Z,2,2024-08-03T11:11:34.000Z,66871d047f4f2b001b80e6b8,visitor,0,Republic of Korea,,,2024-08-03T11:06:01.392Z,66ae10163c6fe600064e3c93,사이트방문완료,1,web,,,,,,,24hdp1xv3u9tz6fb,,,,,,"{'value': 1, 'ip_address': '122.37.16.152', 'URL': 'https://m.n-shine.com/product/event.html?cate_no=202', 'Referrer': 'https://m.n-shine.com/product/list.html?cate_no=107'}",{'ip': '122.37.16.152'}
,,,,2024-07-04T22:07:00.203Z,2,2024-08-03T11:11:34.000Z,66871d047f4f2b001b80e6b8,visitor,0,Republic of Korea,,,2024-08-03T11:06:01.392Z,66ae1016643615000c00177e,스트롤다운,100,web,,,,,,,24hdp1xv3u9tz6fb,,,,,,"{'value': '100', 'price': 1, 'ip_address': '122.37.16.152'}",{'ip': '122.37.16.152'}
여가,워크숍 컨설팅,무료 체험,"기업체, 단체 워크숍 무료상담 신청하세요!",2024-07-04T22:07:00.203Z,2,2024-08-03T11:11:34.000Z,66871d047f4f2b001b80e6b8,visitor,0,Republic of Korea,,,2024-08-03T11:06:01.392Z,66ae10086bf68b0007444803,사이트전환완료,1,web,온라인판매,무료 체험,0.0,2023-02-01,http://lp.iam2.co.kr/landing_thearam_0305/,,24hdp1xv3u9tz6fb,7.0,8.0,9.0,10,12.0,"{'value': 1, 'url': 'https://m.n-shine.com/order/basket.html', 'product': 'undefined', 'ip_address': '122.37.16.152', 'category': 'undefined', 'Referrer': 'https://m.n-shine.com/order/basket.html'}",{'ip': '122.37.16.152'}
,,,,2024-07-04T22:07:00.203Z,2,2024-08-03T11:11:34.000Z,66871d047f4f2b001b80e6b8,visitor,0,Republic of Korea,,,2024-08-03T11:06:01.392Z,66ae10086bf68b0007444801,페이지전환완료,1,web,,,,,,,24hdp1xv3u9tz6fb,,,,,,"{'value': 1, 'ip_address': '122.37.16.152', 'URL': 'https://m.n-shine.com/order/basket.html', 'Referrer': 'https://m.n-shine.com/order/basket.html'}",{'ip': '122.37.16.152'}
,,,,2024-07-04T22:07:00.203Z,2,2024-08-03T11:11:34.000Z,66871d047f4f2b001b80e6b8,visitor,0,Republic of Korea,,,2024-08-03T11:06:01.392Z,66ae0ffc6bf68b0007444731,스트롤다운,50,web,,,,,,,24hdp1xv3u9tz6fb,,,,,,"{'value': '50', 'price': 1, 'ip_address': '122.37.16.152'}",{'ip': '122.37.16.152'}
,,,,2024-07-04T22:07:00.203Z,2,2024-08-03T11:11:34.000Z,66871d047f4f2b001b80e6b8,visitor,0,Republic of Korea,,,2024-08-03T11:06:01.392Z,66ae0ffc6bf68b000744472f,스트롤다운,25,web,,,,,,,24hdp1xv3u9tz6fb,,,,,,"{'value': '25', 'price': 1, 'ip_address': '122.37.16.152'}",{'ip': '122.37.16.152'}
,,,,2024-07-04T22:07:00.203Z,2,2024-08-03T11:11:34.000Z,66871d047f4f2b001b80e6b8,visitor,0,Republic of Korea,,,2024-08-03T11:06:01.392Z,66ae0ffc643615000c0014bf,스트롤다운,75,web,,,,,,,24hdp1xv3u9tz6fb,,,,,,"{'value': '75', 'price': 1, 'ip_address': '122.37.16.152'}",{'ip': '122.37.16.152'}
,,,,2024-07-04T22:07:00.203Z,2,2024-08-03T11:11:34.000Z,66871d047f4f2b001b80e6b8,visitor,0,Republic of Korea,,,2024-08-03T11:06:01.392Z,66ae0ffb3c6fe600064e39cf,사이트방문완료,1,web,,,,,,,24hdp1xv3u9tz6fb,,,,,,"{'value': 1, 'ip_address': '122.37.16.152', 'URL': 'https://m.n-shine.com/order/basket.html', 'Referrer': 'https://m.n-shine.com/order/basket.html'}",{'ip': '122.37.16.152'}
여가,워크숍 컨설팅,무료 체험,"기업체, 단체 워크숍 무료상담 신청하세요!",2024-07-04T22:07:00.203Z,2,2024-08-03T11:11:34.000Z,66871d047f4f2b001b80e6b8,visitor,0,Republic of Korea,,,2024-08-03T11:06:01.392Z,66ae0ffb3c6fe600064e39ce,visited_url,http://lp.iam2.co.kr/landing_thearam_0305/,web,온라인판매,무료 체험,0.0,2023-02-01,http://lp.iam2.co.kr/landing_thearam_0305/,,24hdp1xv3u9tz6fb,7.0,8.0,9.0,10,12.0,"{'value': 'https://m.n-shine.com/order/basket.html#none', 'referrer': 'https://m.n-shine.com/order/basket.html', 'page_title': '네츄럴샤인-자연으로 피부를 빛나게하다.', 'ip_address': '122.37.16.152'}",{'ip': '122.37.16.152'}
여가,워크숍 컨설팅,무료 체험,"기업체, 단체 워크숍 무료상담 신청하세요!",2024-07-04T22:07:00.203Z,2,2024-08-03T11:11:34.000Z,66871d047f4f2b001b80e6b8,visitor,0,Republic of Korea,,,2024-08-03T11:06:01.392Z,66ae0ffb643615000c0014b5,페이지방문완료,1,web,온라인판매,무료 체험,0.0,2023-02-01,http://lp.iam2.co.kr/landing_thearam_0305/,,24hdp1xv3u9tz6fb,7.0,8.0,9.0,10,12.0,"{'value': 1, 'url': 'https://m.n-shine.com/order/basket.html', 'ip_address': '122.37.16.152', 'Referrer': 'https://m.n-shine.com/order/basket.html'}",{'ip': '122.37.16.152'}
여가,워크숍 컨설팅,무료 체험,"기업체, 단체 워크숍 무료상담 신청하세요!",2024-07-04T22:07:00.203Z,2,2024-08-03T11:11:34.000Z,66871d047f4f2b001b80e6b8,visitor,0,Republic of Korea,,,2024-08-03T11:06:01.392Z,66ae0ffbd706a0000636aa76,캠페인방문완료,2,web,온라인판매,무료 체험,0.0,2023-02-01,http://lp.iam2.co.kr/landing_thearam_0305/,,24hdp1xv3u9tz6fb,7.0,8.0,9.0,10,12.0,"{'value': 2, 'url': 'https://m.n-shine.com/order/basket.html', 'key': 'm.n-shine.com/order/basket.html', 'ip_address': '122.37.16.152', 'UTMConent': '네츄럴샤인-자연으로 피부를 빛나게하다.', 'Referrer': 'https://m.n-shine.com/order/basket.html', 'PageTitle': '네츄럴샤인-자연으로 피부를 빛나게하다.'}",{'ip': '122.37.16.152'}
,,,,2024-07-04T22:07:00.203Z,2,2024-08-03T11:11:34.000Z,66871d047f4f2b001b80e6b8,visitor,0,Republic of Korea,,,2024-08-03T11:06:01.392Z,66ae0febd706a0000636a873,페이지전환완료,1,web,,,,,,,24hdp1xv3u9tz6fb,,,,,,"{'value': 1, 'ip_address': '122.37.16.152', 'URL': 'https://m.n-shine.com/order/basket.html', 'Referrer': 'https://m.n-shine.com/order/basket.html'}",{'ip': '122.37.16.152'}
여가,워크숍 컨설팅,무료 체험,"기업체, 단체 워크숍 무료상담 신청하세요!",2024-07-04T22:07:00.203Z,2,2024-08-03T11:11:34.000Z,66871d047f4f2b001b80e6b8,visitor,0,Republic of Korea,,,2024-08-03T11:06:01.392Z,66ae0feb3c6fe600064e37c3,사이트전환완료,1,web,온라인판매,무료 체험,0.0,2023-02-01,http://lp.iam2.co.kr/landing_thearam_0305/,,24hdp1xv3u9tz6fb,7.0,8.0,9.0,10,12.0,"{'value': 1, 'url': 'https://m.n-shine.com/order/basket.html', 'product': 'undefined', 'ip_address': '122.37.16.152', 'category': 'undefined', 'Referrer': 'https://m.n-shine.com/order/basket.html'}",{'ip': '122.37.16.152'}
,,,,2024-07-04T22:07:00.203Z,2,2024-08-03T11:11:34.000Z,66871d047f4f2b001b80e6b8,visitor,0,Republic of Korea,,,2024-08-03T11:06:01.392Z,66ae0fe6643615000c001212,사이트방문완료,1,web,,,,,,,24hdp1xv3u9tz6fb,,,,,,"{'value': 1, 'ip_address': '122.37.16.152', 'URL': 'https://m.n-shine.com/order/basket.html', 'Referrer': 'https://m.n-shine.com/order/basket.html'}",{'ip': '122.37.16.152'}
여가,워크숍 컨설팅,무료 체험,"기업체, 단체 워크숍 무료상담 신청하세요!",2024-07-04T22:07:00.203Z,2,2024-08-03T11:11:34.000Z,66871d047f4f2b001b80e6b8,visitor,0,Republic of Korea,,,2024-08-03T11:06:01.392Z,66ae0fe63c6fe600064e36ff,페이지방문완료,1,web,온라인판매,무료 체험,0.0,2023-02-01,http://lp.iam2.co.kr/landing_thearam_0305/,,24hdp1xv3u9tz6fb,7.0,8.0,9.0,10,12.0,"{'value': 1, 'url': 'https://m.n-shine.com/order/basket.html', 'ip_address': '122.37.16.152', 'Referrer': 'https://m.n-shine.com/order/basket.html'}",{'ip': '122.37.16.152'}
,,,,2024-07-04T22:07:00.203Z,2,2024-08-03T11:11:34.000Z,66871d047f4f2b001b80e6b8,visitor,0,Republic of Korea,,,2024-08-03T11:06:01.392Z,66ae0fe66bf68b000744454b,스트롤다운,25,web,,,,,,,24hdp1xv3u9tz6fb,,,,,,"{'value': '25', 'price': 1, 'ip_address': '122.37.16.152'}",{'ip': '122.37.16.152'}
여가,워크숍 컨설팅,무료 체험,"기업체, 단체 워크숍 무료상담 신청하세요!",2024-07-04T22:07:00.203Z,2,2024-08-03T11:11:34.000Z,66871d047f4f2b001b80e6b8,visitor,0,Republic of Korea,,,2024-08-03T11:06:01.392Z,66ae0fe6d706a0000636a7a5,캠페인방문완료,2,web,온라인판매,무료 체험,0.0,2023-02-01,http://lp.iam2.co.kr/landing_thearam_0305/,,24hdp1xv3u9tz6fb,7.0,8.0,9.0,10,12.0,"{'value': 2, 'url': 'https://m.n-shine.com/order/basket.html', 'key': 'm.n-shine.com/order/basket.html', 'ip_address': '122.37.16.152', 'UTMConent': '네츄럴샤인-자연으로 피부를 빛나게하다.', 'Referrer': 'https://m.n-shine.com/order/basket.html', 'PageTitle': '네츄럴샤인-자연으로 피부를 빛나게하다.'}",{'ip': '122.37.16.152'}
여가,워크숍 컨설팅,무료 체험,"기업체, 단체 워크숍 무료상담 신청하세요!",2024-07-04T22:07:00.203Z,2,2024-08-03T11:11:34.000Z,66871d047f4f2b001b80e6b8,visitor,0,Republic of Korea,,,2024-08-03T11:06:01.392Z,66ae0fe66bf68b0007444547,visited_url,http://lp.iam2.co.kr/landing_thearam_0305/,web,온라인판매,무료 체험,0.0,2023-02-01,http://lp.iam2.co.kr/landing_thearam_0305/,,24hdp1xv3u9tz6fb,7.0,8.0,9.0,10,12.0,"{'value': 'https://m.n-shine.com/order/basket.html#none', 'referrer': 'https://m.n-shine.com/order/basket.html', 'page_title': '네츄럴샤인-자연으로 피부를 빛나게하다.', 'ip_address': '122.37.16.152'}",{'ip': '122.37.16.152'}
,,,,2024-07-04T22:07:00.203Z,2,2024-08-03T11:11:34.000Z,66871d047f4f2b001b80e6b8,visitor,0,Republic of Korea,,,2024-08-03T11:06:01.392Z,66ae0fe53c6fe600064e36f6,스트롤다운,50,web,,,,,,,24hdp1xv3u9tz6fb,,,,,,"{'value': '50', 'price': 1, 'ip_address': '122.37.16.152'}",{'ip': '122.37.16.152'}
,,,,2024-07-04T22:07:00.203Z,2,2024-08-03T11:11:34.000Z,66871d047f4f2b001b80e6b8,visitor,0,Republic of Korea,,,2024-08-03T11:06:01.392Z,66ae0f6c3c6fe600064e2650,페이지전환완료,1,web,,,,,,,24hdp1xv3u9tz6fb,,,,,,"{'value': 1, 'ip_address': '122.37.16.152', 'URL': 'https://m.n-shine.com/product/detail.html?product_no=761&amp;fbclid=PAZXh0bgNhZW0BMAABpsIjsj8RlEYjJDsifPCWY-SPX_9cJJJS5DMUIi1SblWWVkztP00d6RfVZg_aem_km_pJMjo_8aM8INN8v0DxA', 'Referrer': 'http://instagram.com/'}",{'ip': '122.37.16.152'}
여가,워크숍 컨설팅,무료 체험,"기업체, 단체 워크숍 무료상담 신청하세요!",2024-07-04T22:07:00.203Z,2,2024-08-03T11:11:34.000Z,66871d047f4f2b001b80e6b8,visitor,0,Republic of Korea,,,2024-08-03T11:06:01.392Z,66ae0f6cd706a0000636954c,사이트전환완료,1,web,온라인판매,무료 체험,0.0,2023-02-01,http://lp.iam2.co.kr/landing_thearam_0305/,,24hdp1xv3u9tz6fb,7.0,8.0,9.0,10,12.0,"{'value': 1, 'url': 'https://m.n-shine.com/product/detail.html?product_no=761&amp;fbclid=PAZXh0bgNhZW0BMAABpsIjsj8RlEYjJDsifPCWY-SPX_9cJJJS5DMUIi1SblWWVkztP00d6RfVZg_aem_km_pJMjo_8aM8INN8v0DxA', 'product': '바로구매', 'ip_address': '122.37.16.152', 'category': 'undefined', 'Referrer': 'http://instagram.com/'}",{'ip': '122.37.16.152'}
,,,,2024-07-04T22:07:00.203Z,2,2024-08-03T11:11:34.000Z,66871d047f4f2b001b80e6b8,visitor,0,Republic of Korea,,,2024-08-03T11:06:01.392Z,66ae0f1f3c6fe600064e1ada,added_to_list,665bcca77f4f2b00196e0658,,,,,,,,24hdp1xv3u9tz6fb,,,,,,{'value': '665bcca77f4f2b00196e0658'},"{'satisfaction': {'mask': [['665bcca7d579b2001946894b']], 'requirements': [{'_id': '665bcca7d579b2001946894b', 'after_seconds': 0, 'appetite': 1, 'appetite_operator': 'greater_than_or_equal', 'before_seconds': 0, 'operator': 'isset', 'positive': True, 'predicate': 'visited_url', 'type': 'visited-url', 'value': '', 'within_type': 'ever'}]}}"
,,,,2024-07-04T22:07:00.203Z,2,2024-08-03T11:11:34.000Z,66871d047f4f2b001b80e6b8,visitor,0,Republic of Korea,,,2024-08-03T11:06:01.392Z,66ae0f1f643615000cfff604,added_to_list,669b51e67881df001cbb507b,,,,,,,,24hdp1xv3u9tz6fb,,,,,,{'value': '669b51e67881df001cbb507b'},"{'satisfaction': {'mask': [['669b51e67f4f2b001982af3c']], 'requirements': [{'_id': '669b51e67f4f2b001982af3c', 'after_seconds': 0, 'appetite': 1, 'appetite_operator': 'greater_than_or_equal', 'before_seconds': 0, 'operator': 'isset', 'positive': True, 'predicate': 'visited_url', 'type': 'visited-url', 'value': '', 'within_type': 'ever'}]}}"
,,,,2024-07-04T22:07:00.203Z,2,2024-08-03T11:11:34.000Z,66871d047f4f2b001b80e6b8,visitor,0,Republic of Korea,,,2024-08-03T11:06:01.392Z,66ae0f1f6bf68b0007443205,added_to_list,66871d047f4f2b001b80e6b8,,,,,,,,24hdp1xv3u9tz6fb,,,,,,{'value': '66871d047f4f2b001b80e6b8'},"{'satisfaction': {'mask': [['66871d047881df001b5a6f6f']], 'requirements': [{'_id': '66871d047881df001b5a6f6f', 'after_seconds': 0, 'appetite': 1, 'appetite_operator': 'greater_than_or_equal', 'before_seconds': 0, 'operator': 'isset', 'positive': True, 'predicate': '캠페인방문완료', 'type': 'custom-event', 'value': None, 'within_type': 'ever'}]}}"
여가,워크숍 컨설팅,무료 체험,"기업체, 단체 워크숍 무료상담 신청하세요!",2024-07-04T22:07:00.203Z,2,2024-08-03T11:11:34.000Z,66871d047f4f2b001b80e6b8,visitor,0,Republic of Korea,,,2024-08-03T11:06:01.392Z,66ae0f1a6bf68b00074431a6,캠페인방문완료,2,web,온라인판매,무료 체험,0.0,2023-02-01,http://lp.iam2.co.kr/landing_thearam_0305/,,24hdp1xv3u9tz6fb,7.0,8.0,9.0,10,12.0,"{'value': 2, 'url': 'https://m.n-shine.com/product/detail.html?product_no=761&amp;fbclid=PAZXh0bgNhZW0BMAABpsIjsj8RlEYjJDsifPCWY-SPX_9cJJJS5DMUIi1SblWWVkztP00d6RfVZg_aem_km_pJMjo_8aM8INN8v0DxA', 'key': 'm.n-shine.com/product/detail.html', 'ip_address': '122.37.16.152', 'UTMConent': '자연으로 피부를 빛나게 하다 ■ Natural Shine homepage■', 'Referrer': 'http://instagram.com/', 'PageTitle': '자연으로 피부를 빛나게 하다 ■ Natural Shine homepage■'}",{'ip': '122.37.16.152'}
여가,워크숍 컨설팅,무료 체험,"기업체, 단체 워크숍 무료상담 신청하세요!",2024-07-04T22:07:00.203Z,2,2024-08-03T11:11:34.000Z,66871d047f4f2b001b80e6b8,visitor,0,Republic of Korea,,,2024-08-03T11:06:01.392Z,66ae0f196bf68b000744319f,visited_url,http://lp.iam2.co.kr/landing_thearam_0305/,web,온라인판매,무료 체험,0.0,2023-02-01,http://lp.iam2.co.kr/landing_thearam_0305/,,24hdp1xv3u9tz6fb,7.0,8.0,9.0,10,12.0,"{'value': 'https://m.n-shine.com/product/detail.html?product_no=761&amp;fbclid=PAZXh0bgNhZW0BMAABpsIjsj8RlEYjJDsifPCWY-SPX_9cJJJS5DMUIi1SblWWVkztP00d6RfVZg_aem_km_pJMjo_8aM8INN8v0DxA', 'referrer': 'http://instagram.com/', 'page_title': '자연으로 피부를 빛나게 하다 ■ Natural Shine homepage■', 'ip_address': '122.37.16.152'}",{'ip': '122.37.16.152'}
,,,,2024-07-04T22:07:00.203Z,2,2024-08-03T11:11:34.000Z,66871d047f4f2b001b80e6b8,visitor,0,Republic of Korea,,,2024-08-03T11:06:01.392Z,66ae0f19643615000cfff557,사이트방문완료,1,web,,,,,,,24hdp1xv3u9tz6fb,,,,,,"{'value': 1, 'ip_address': '122.37.16.152', 'URL': 'https://m.n-shine.com/product/detail.html?product_no=761&amp;fbclid=PAZXh0bgNhZW0BMAABpsIjsj8RlEYjJDsifPCWY-SPX_9cJJJS5DMUIi1SblWWVkztP00d6RfVZg_aem_km_pJMjo_8aM8INN8v0DxA', 'Referrer': 'http://instagram.com/'}",{'ip': '122.37.16.152'}
여가,워크숍 컨설팅,무료 체험,"기업체, 단체 워크숍 무료상담 신청하세요!",2024-07-04T22:07:00.203Z,2,2024-08-03T11:11:34.000Z,66871d047f4f2b001b80e6b8,visitor,0,Republic of Korea,,,2024-08-03T11:06:01.392Z,66ae0f19d706a000063687d4,페이지방문완료,1,web,온라인판매,무료 체험,0.0,2023-02-01,http://lp.iam2.co.kr/landing_thearam_0305/,,24hdp1xv3u9tz6fb,7.0,8.0,9.0,10,12.0,"{'value': 1, 'url': 'https://m.n-shine.com/product/detail.html?product_no=761&amp;fbclid=PAZXh0bgNhZW0BMAABpsIjsj8RlEYjJDsifPCWY-SPX_9cJJJS5DMUIi1SblWWVkztP00d6RfVZg_aem_km_pJMjo_8aM8INN8v0DxA', 'ip_address': '122.37.16.152', 'Referrer': 'http://instagram.com/'}",{'ip': '122.37.16.152'}
,,,,2024-07-04T22:07:00.203Z,2,2024-08-03T11:11:34.000Z,66871d047f4f2b001b80e6b8,visitor,0,Republic of Korea,,,2024-08-03T11:06:01.392Z,66ae0f1fd706a000063688a5,added_to_list,66871cdb7881df001b5a6f69,,,,,,,,24hdp1xv3u9tz6fb,,,,,,{'value': '66871cdb7881df001b5a6f69'},"{'satisfaction': {'mask': [['66871cdc7f4f2b001b80e6af']], 'requirements': [{'_id': '66871cdc7f4f2b001b80e6af', 'after_seconds': 0, 'appetite': 1, 'appetite_operator': 'greater_than_or_equal', 'before_seconds': 0, 'operator': 'isset', 'positive': True, 'predicate': '페이지방문완료', 'type': 'custom-event', 'value': None, 'within_type': 'ever'}]}}"
,,,,2024-07-04T22:07:00.203Z,2,2024-08-03T11:11:34.000Z,66871d047f4f2b001b80e6b8,visitor,0,Republic of Korea,,,2024-08-03T11:06:01.392Z,66ae0f1f3c6fe600064e1add,added_to_list,66872671d579b2001953e029,,,,,,,,24hdp1xv3u9tz6fb,,,,,,{'value': '66872671d579b2001953e029'},"{'satisfaction': {'mask': [['668726727f4f2b001b80e88d'], 'or', ['668726727881df001cb398cc'], 'or', ['6687267261dda3001a3e59c3'], 'or', ['66872672d579b2f17780716c'], 'or', ['668726727f4f2b00197ad75c']], 'requirements': [{'_id': '668726727f4f2b00197ad75c', 'after_seconds': 0, 'appetite': 1, 'appetite_operator': 'greater_than_or_equal', 'before_seconds': 0, 'operator': 'isset', 'positive': True, 'predicate': '사이트스크롤다운', 'type': 'custom-event', 'value': None, 'within_type': 'ever'}, {'_id': '6687267261dda3001a3e59c3', 'after_seconds': 0, 'appetite': 1, 'appetite_operator': 'greater_than_or_equal', 'before_seconds': 0, 'operator': 'isset', 'positive': True, 'predicate': '페이지방문완료', 'type': 'custom-event', 'value': None, 'within_type': 'ever'}, {'_id': '668726727881df001cb398cc', 'after_seconds': 0, 'appetite': 1, 'appetite_operator': 'greater_than_or_equal', 'before_seconds': 0, 'operator': 'isset', 'positive': True, 'predicate': '사이트방문완료', 'type': 'custom-event', 'value': None, 'within_type': 'ever'}, {'_id': '66872672d579b2f17780716c', 'after_seconds': 0, 'appetite': 1, 'appetite_operator': 'greater_than_or_equal', 'before_seconds': 0, 'operator': 'isset', 'positive': True, 'predicate': 'KeywordTarget', 'type': 'custom-event', 'value': None, 'within_type': 'ever'}, {'_id': '668726727f4f2b001b80e88d', 'after_seconds': 0, 'appetite': 1, 'appetite_operator': 'greater_than_or_equal', 'before_seconds': 0, 'operator': 'isset', 'positive': True, 'predicate': '캠페인방문완료', 'type': 'custom-event', 'value': None, 'within_type': 'ever'}]}}"
여가,워크숍 컨설팅,무료 체험,"기업체, 단체 워크숍 무료상담 신청하세요!",2024-07-04T22:07:00.203Z,2,2024-08-03T11:11:34.000Z,66871d047f4f2b001b80e6b8,visitor,0,Republic of Korea,,,2024-08-03T11:10:24.448Z,66ae1026643615000c0019dd,캠페인방문완료,2,web,온라인판매,무료 체험,0.0,2023-02-01,http://lp.iam2.co.kr/landing_thearam_0305/,,coqrccufm2sfw0jb,7.0,8.0,9.0,10,12.0,"{'value': 2, 'url': 'https://m.n-shine.com/product/ns-%EB%94%A5-%EB%AA%A8%EC%9D%B4%EC%8A%A4%EC%B3%90-%ED%8E%98%EC%9D%B4%EC%8A%A4-%EC%A0%A4%EB%A6%AC%ED%8C%A8%EC%B9%98-set/761/category/73/display/1/?gclid=CjwKCAjwqre1BhAqEiwA7g9Qhqn1f2dPnG6HXthrvrDJwVOCDF9I5Wkuc0tgP2TeD_5dtnjnimgLzhoCiYgQAvD_BwE', 'key': 'm.n-shine.com/product/ns-%EB%94%A5-%EB%AA%A8%EC%9D%B4%EC%8A%A4%EC%B3%90-%ED%8E%98%EC%9D%B4%EC%8A%A4-%EC%A0%A4%EB%A6%AC%ED%8C%A8%EC%B9%98-set/761/category/73/display/1/', 'ip_address': '219.248.254.33', 'UTMConent': '자연으로 피부를 빛나게 하다 ■ Natural Shine homepage■', 'Referrer': '', 'PageTitle': '자연으로 피부를 빛나게 하다 ■ Natural Shine homepage■'}",{'ip': '219.248.254.33'}
,,,,2024-07-04T22:07:00.203Z,2,2024-08-03T11:11:34.000Z,66871d047f4f2b001b80e6b8,visitor,0,Republic of Korea,,,2024-08-03T11:10:24.448Z,66ae102b3c6fe600064e3f77,added_to_list,66871d047f4f2b001b80e6b8,,,,,,,,coqrccufm2sfw0jb,,,,,,{'value': '66871d047f4f2b001b80e6b8'},"{'satisfaction': {'mask': [['66871d047881df001b5a6f6f']], 'requirements': [{'_id': '66871d047881df001b5a6f6f', 'after_seconds': 0, 'appetite': 1, 'appetite_operator': 'greater_than_or_equal', 'before_seconds': 0, 'operator': 'isset', 'positive': True, 'predicate': '캠페인방문완료', 'type': 'custom-event', 'value': None, 'within_type': 'ever'}]}}"
여가,워크숍 컨설팅,무료 체험,"기업체, 단체 워크숍 무료상담 신청하세요!",2024-07-04T22:07:00.203Z,2,2024-08-03T11:11:34.000Z,66871d047f4f2b001b80e6b8,visitor,0,Republic of Korea,,,2024-08-03T11:10:24.448Z,66ae1020d706a0000636aeec,페이지방문완료,1,web,온라인판매,무료 체험,0.0,2023-02-01,http://lp.iam2.co.kr/landing_thearam_0305/,,coqrccufm2sfw0jb,7.0,8.0,9.0,10,12.0,"{'value': 1, 'url': 'https://m.n-shine.com/product/ns-%EB%94%A5-%EB%AA%A8%EC%9D%B4%EC%8A%A4%EC%B3%90-%ED%8E%98%EC%9D%B4%EC%8A%A4-%EC%A0%A4%EB%A6%AC%ED%8C%A8%EC%B9%98-set/761/category/73/display/1/?gclid=CjwKCAjwqre1BhAqEiwA7g9Qhqn1f2dPnG6HXthrvrDJwVOCDF9I5Wkuc0tgP2TeD_5dtnjnimgLzhoCiYgQAvD_BwE', 'ip_address': '219.248.254.33', 'Referrer': ''}",{'ip': '219.248.254.33'}
,,,,2024-07-04T22:07:00.203Z,2,2024-08-03T11:11:34.000Z,66871d047f4f2b001b80e6b8,visitor,0,Republic of Korea,,,2024-08-03T11:10:24.448Z,66ae10203c6fe600064e3de2,사이트방문완료,1,web,,,,,,,coqrccufm2sfw0jb,,,,,,"{'value': 1, 'ip_address': '219.248.254.33', 'URL': 'https://m.n-shine.com/product/ns-%EB%94%A5-%EB%AA%A8%EC%9D%B4%EC%8A%A4%EC%B3%90-%ED%8E%98%EC%9D%B4%EC%8A%A4-%EC%A0%A4%EB%A6%AC%ED%8C%A8%EC%B9%98-set/761/category/73/display/1/?gclid=CjwKCAjwqre1BhAqEiwA7g9Qhqn1f2dPnG6HXthrvrDJwVOCDF9I5Wkuc0tgP2TeD_5dtnjnimgLzhoCiYgQAvD_BwE', 'Referrer': ''}",{'ip': '219.248.254.33'}
여가,워크숍 컨설팅,무료 체험,"기업체, 단체 워크숍 무료상담 신청하세요!",2024-07-04T22:07:00.203Z,2,2024-08-03T11:11:34.000Z,66871d047f4f2b001b80e6b8,visitor,0,Republic of Korea,,,2024-08-03T11:10:24.448Z,66ae1020d706a0000636aeca,visited_url,http://lp.iam2.co.kr/landing_thearam_0305/,web,온라인판매,무료 체험,0.0,2023-02-01,http://lp.iam2.co.kr/landing_thearam_0305/,,coqrccufm2sfw0jb,7.0,8.0,9.0,10,12.0,"{'value': 'https://m.n-shine.com/product/ns-%EB%94%A5-%EB%AA%A8%EC%9D%B4%EC%8A%A4%EC%B3%90-%ED%8E%98%EC%9D%B4%EC%8A%A4-%EC%A0%A4%EB%A6%AC%ED%8C%A8%EC%B9%98-set/761/category/73/display/1/?gclid=CjwKCAjwqre1BhAqEiwA7g9Qhqn1f2dPnG6HXthrvrDJwVOCDF9I5Wkuc0tgP2TeD_5dtnjnim', 'referrer': '', 'page_title': '자연으로 피부를 빛나게 하다 ■ Natural Shine homepage■', 'ip_address': '219.248.254.33'}","{'url_excess': 'gLzhoCiYgQAvD_BwE#none', 'ip': '219.248.254.33'}"
,,,,2024-07-04T22:07:00.203Z,2,2024-08-03T11:11:34.000Z,66871d047f4f2b001b80e6b8,visitor,0,Republic of Korea,,,2024-08-03T11:10:24.448Z,66ae1022643615000c001942,added_to_list,66872671d579b2001953e029,,,,,,,,coqrccufm2sfw0jb,,,,,,{'value': '66872671d579b2001953e029'},"{'satisfaction': {'mask': [['668726727f4f2b001b80e88d'], 'or', ['668726727881df001cb398cc'], 'or', ['6687267261dda3001a3e59c3'], 'or', ['66872672d579b2f17780716c'], 'or', ['668726727f4f2b00197ad75c']], 'requirements': [{'_id': '668726727f4f2b00197ad75c', 'after_seconds': 0, 'appetite': 1, 'appetite_operator': 'greater_than_or_equal', 'before_seconds': 0, 'operator': 'isset', 'positive': True, 'predicate': '사이트스크롤다운', 'type': 'custom-event', 'value': None, 'within_type': 'ever'}, {'_id': '6687267261dda3001a3e59c3', 'after_seconds': 0, 'appetite': 1, 'appetite_operator': 'greater_than_or_equal', 'before_seconds': 0, 'operator': 'isset', 'positive': True, 'predicate': '페이지방문완료', 'type': 'custom-event', 'value': None, 'within_type': 'ever'}, {'_id': '668726727881df001cb398cc', 'after_seconds': 0, 'appetite': 1, 'appetite_operator': 'greater_than_or_equal', 'before_seconds': 0, 'operator': 'isset', 'positive': True, 'predicate': '사이트방문완료', 'type': 'custom-event', 'value': None, 'within_type': 'ever'}, {'_id': '66872672d579b2f17780716c', 'after_seconds': 0, 'appetite': 1, 'appetite_operator': 'greater_than_or_equal', 'before_seconds': 0, 'operator': 'isset', 'positive': True, 'predicate': 'KeywordTarget', 'type': 'custom-event', 'value': None, 'within_type': 'ever'}, {'_id': '668726727f4f2b001b80e88d', 'after_seconds': 0, 'appetite': 1, 'appetite_operator': 'greater_than_or_equal', 'before_seconds': 0, 'operator': 'isset', 'positive': True, 'predicate': '캠페인방문완료', 'type': 'custom-event', 'value': None, 'within_type': 'ever'}]}}"
,,,,2024-07-04T22:07:00.203Z,2,2024-08-03T11:11:34.000Z,66871d047f4f2b001b80e6b8,visitor,0,Republic of Korea,,,2024-08-03T11:10:24.448Z,66ae10223c6fe600064e3e54,added_to_list,66871cdb7881df001b5a6f69,,,,,,,,coqrccufm2sfw0jb,,,,,,{'value': '66871cdb7881df001b5a6f69'},"{'satisfaction': {'mask': [['66871cdc7f4f2b001b80e6af']], 'requirements': [{'_id': '66871cdc7f4f2b001b80e6af', 'after_seconds': 0, 'appetite': 1, 'appetite_operator': 'greater_than_or_equal', 'before_seconds': 0, 'operator': 'isset', 'positive': True, 'predicate': '페이지방문완료', 'type': 'custom-event', 'value': None, 'within_type': 'ever'}]}}"
,,,,2024-07-04T22:07:00.203Z,2,2024-08-03T11:11:34.000Z,66871d047f4f2b001b80e6b8,visitor,0,Republic of Korea,,,2024-08-03T11:10:24.448Z,66ae10226bf68b0007444a91,added_to_list,669b51e67881df001cbb507b,,,,,,,,coqrccufm2sfw0jb,,,,,,{'value': '669b51e67881df001cbb507b'},"{'satisfaction': {'mask': [['669b51e67f4f2b001982af3c']], 'requirements': [{'_id': '669b51e67f4f2b001982af3c', 'after_seconds': 0, 'appetite': 1, 'appetite_operator': 'greater_than_or_equal', 'before_seconds': 0, 'operator': 'isset', 'positive': True, 'predicate': 'visited_url', 'type': 'visited-url', 'value': '', 'within_type': 'ever'}]}}"
,,,,2024-07-04T22:07:00.203Z,2,2024-08-03T11:11:34.000Z,66871d047f4f2b001b80e6b8,visitor,0,Republic of Korea,,,2024-08-03T11:10:24.448Z,66ae10226bf68b0007444a92,added_to_list,665bcca77f4f2b00196e0658,,,,,,,,coqrccufm2sfw0jb,,,,,,{'value': '665bcca77f4f2b00196e0658'},"{'satisfaction': {'mask': [['665bcca7d579b2001946894b']], 'requirements': [{'_id': '665bcca7d579b2001946894b', 'after_seconds': 0, 'appetite': 1, 'appetite_operator': 'greater_than_or_equal', 'before_seconds': 0, 'operator': 'isset', 'positive': True, 'predicate': 'visited_url', 'type': 'visited-url', 'value': '', 'within_type': 'ever'}]}}"
,,,,2024-07-04T22:07:00.203Z,2,2024-08-03T11:11:34.000Z,66871d047f4f2b001b80e6b8,visitor,0,Republic of Korea,Seoul,Seoul,2024-08-03T11:08:39.422Z,66ae0fc2d706a0000636a28a,스트롤다운,75,web,,,,,,,q0nadktpehmawftn,,,,,,"{'value': '75', 'price': 1, 'ip_address': '49.142.48.159'}",{'ip': '49.142.48.159'}
,,,,2024-07-04T22:07:00.203Z,2,2024-08-03T11:11:34.000Z,66871d047f4f2b001b80e6b8,visitor,0,Republic of Korea,Seoul,Seoul,2024-08-03T11:08:39.422Z,66ae0fbb6bf68b000744419a,스트롤다운,50,web,,,,,,,q0nadktpehmawftn,,,,,,"{'value': '50', 'price': 1, 'ip_address': '49.142.48.159'}",{'ip': '49.142.48.159'}
교육,학위 취득,무료 상담,4년제와%20동일한%20학사학윈,2024-07-04T22:07:00.203Z,2,2024-08-03T11:11:34.000Z,66871d047f4f2b001b80e6b8,visitor,0,Republic of Korea,Seoul,Seoul,2024-08-03T11:08:39.422Z,66ae0fb73c6fe600064e316e,visited_url,http://lp.iam2.co.kr/landing_ghu_0105/,web,온라인판매,무료 상담,0.0,2024-01-06,http://lp.iam2.co.kr/landing_ghu_0105/,,q0nadktpehmawftn,13.0,14.0,15.0,16,18.0,"{'value': 'https://eir.co.kr/33/?q=YToxOntzOjEyOiJrZXl3b3JkX3R5cGUiO3M6MzoiYWxsIjt9&amp;bmode=view&amp;idx=8612381&amp;t=board', 'referrer': 'https://www.google.com/', 'page_title': '각질제거계의 3대 거장 - 아하(AHA), 바하(BHA), 파하(PHA) : EIR COSMETIC', 'ip_address': '49.142.48.159'}",{'ip': '49.142.48.159'}
,,,,2024-07-04T22:07:00.203Z,2,2024-08-03T11:11:34.000Z,66871d047f4f2b001b80e6b8,visitor,0,Republic of Korea,Seoul,Seoul,2024-08-03T11:08:39.422Z,66ae0fb7d706a0000636a164,스트롤다운,25,web,,,,,,,q0nadktpehmawftn,,,,,,"{'value': '25', 'price': 1, 'ip_address': '49.142.48.159'}",{'ip': '49.142.48.159'}
교육,학위 취득,무료 상담,4년제와%20동일한%20학사학윈,2024-07-04T22:07:00.203Z,2,2024-08-03T11:11:34.000Z,66871d047f4f2b001b80e6b8,visitor,0,Republic of Korea,Seoul,Seoul,2024-08-03T11:08:39.422Z,66ae0fb7643615000c000c98,캠페인방문완료,2,web,온라인판매,무료 상담,0.0,2024-01-06,http://lp.iam2.co.kr/landing_ghu_0105/,,q0nadktpehmawftn,13.0,14.0,15.0,16,18.0,"{'value': 2, 'url': 'https://eir.co.kr/33/?q=YToxOntzOjEyOiJrZXl3b3JkX3R5cGUiO3M6MzoiYWxsIjt9&amp;bmode=view&amp;idx=8612381&amp;t=board', 'key': 'eir.co.kr/33/', 'ip_address': '49.142.48.159', 'UTMConent': '각질제거계의 3대 거장 - 아하(AHA), 바하(BHA), 파하(PHA) : EIR COSMETIC', 'Referrer': 'https://www.google.com/', 'PageTitle': '각질제거계의 3대 거장 - 아하(AHA), 바하(BHA), 파하(PHA) : EIR COSMETIC'}",{'ip': '49.142.48.159'}
,,,,2024-07-04T22:07:00.203Z,2,2024-08-03T11:11:34.000Z,66871d047f4f2b001b80e6b8,visitor,0,Republic of Korea,Seoul,Seoul,2024-08-03T11:08:39.422Z,66ae0fbbd706a0000636a1cd,added_to_list,665bcca77f4f2b00196e0658,,,,,,,,q0nadktpehmawftn,,,,,,{'value': '665bcca77f4f2b00196e0658'},"{'satisfaction': {'mask': [['665bcca7d579b2001946894b']], 'requirements': [{'_id': '665bcca7d579b2001946894b', 'after_seconds': 0, 'appetite': 1, 'appetite_operator': 'greater_than_or_equal', 'before_seconds': 0, 'operator': 'isset', 'positive': True, 'predicate': 'visited_url', 'type': 'visited-url', 'value': '', 'within_type': 'ever'}]}}"
,,,,2024-07-04T22:07:00.203Z,2,2024-08-03T11:11:34.000Z,66871d047f4f2b001b80e6b8,visitor,0,Republic of Korea,Seoul,Seoul,2024-08-03T11:08:39.422Z,66ae0fbc3c6fe600064e31ef,added_to_list,669b51e67881df001cbb507b,,,,,,,,q0nadktpehmawftn,,,,,,{'value': '669b51e67881df001cbb507b'},"{'satisfaction': {'mask': [['669b51e67f4f2b001982af3c']], 'requirements': [{'_id': '669b51e67f4f2b001982af3c', 'after_seconds': 0, 'appetite': 1, 'appetite_operator': 'greater_than_or_equal', 'before_seconds': 0, 'operator': 'isset', 'positive': True, 'predicate': 'visited_url', 'type': 'visited-url', 'value': '', 'within_type': 'ever'}]}}"
,,,,2024-07-04T22:07:00.203Z,2,2024-08-03T11:11:34.000Z,66871d047f4f2b001b80e6b8,visitor,0,Republic of Korea,Seoul,Seoul,2024-08-03T11:08:39.422Z,66ae0fbcd706a0000636a1e6,added_to_list,66872671d579b2001953e029,,,,,,,,q0nadktpehmawftn,,,,,,{'value': '66872671d579b2001953e029'},"{'satisfaction': {'mask': [['668726727f4f2b001b80e88d'], 'or', ['668726727881df001cb398cc'], 'or', ['6687267261dda3001a3e59c3'], 'or', ['66872672d579b2f17780716c'], 'or', ['668726727f4f2b00197ad75c']], 'requirements': [{'_id': '668726727f4f2b00197ad75c', 'after_seconds': 0, 'appetite': 1, 'appetite_operator': 'greater_than_or_equal', 'before_seconds': 0, 'operator': 'isset', 'positive': True, 'predicate': '사이트스크롤다운', 'type': 'custom-event', 'value': None, 'within_type': 'ever'}, {'_id': '6687267261dda3001a3e59c3', 'after_seconds': 0, 'appetite': 1, 'appetite_operator': 'greater_than_or_equal', 'before_seconds': 0, 'operator': 'isset', 'positive': True, 'predicate': '페이지방문완료', 'type': 'custom-event', 'value': None, 'within_type': 'ever'}, {'_id': '668726727881df001cb398cc', 'after_seconds': 0, 'appetite': 1, 'appetite_operator': 'greater_than_or_equal', 'before_seconds': 0, 'operator': 'isset', 'positive': True, 'predicate': '사이트방문완료', 'type': 'custom-event', 'value': None, 'within_type': 'ever'}, {'_id': '66872672d579b2f17780716c', 'after_seconds': 0, 'appetite': 1, 'appetite_operator': 'greater_than_or_equal', 'before_seconds': 0, 'operator': 'isset', 'positive': True, 'predicate': 'KeywordTarget', 'type': 'custom-event', 'value': None, 'within_type': 'ever'}, {'_id': '668726727f4f2b001b80e88d', 'after_seconds': 0, 'appetite': 1, 'appetite_operator': 'greater_than_or_equal', 'before_seconds': 0, 'operator': 'isset', 'positive': True, 'predicate': '캠페인방문완료', 'type': 'custom-event', 'value': None, 'within_type': 'ever'}]}}"
,,,,2024-07-04T22:07:00.203Z,2,2024-08-03T11:11:34.000Z,66871d047f4f2b001b80e6b8,visitor,0,Republic of Korea,Seoul,Seoul,2024-08-03T11:08:39.422Z,66ae0fbc3c6fe600064e322b,added_to_list,66871d047f4f2b001b80e6b8,,,,,,,,q0nadktpehmawftn,,,,,,{'value': '66871d047f4f2b001b80e6b8'},"{'satisfaction': {'mask': [['66871d047881df001b5a6f6f']], 'requirements': [{'_id': '66871d047881df001b5a6f6f', 'after_seconds': 0, 'appetite': 1, 'appetite_operator': 'greater_than_or_equal', 'before_seconds': 0, 'operator': 'isset', 'positive': True, 'predicate': '캠페인방문완료', 'type': 'custom-event', 'value': None, 'within_type': 'ever'}]}}"
,,,,2024-07-04T22:07:00.203Z,2,2024-08-03T11:11:34.000Z,66871d047f4f2b001b80e6b8,visitor,0,Republic of Korea,,,2024-08-03T10:20:18.289Z,66ae0fac6bf68b000744406f,스트롤다운,100,web,,,,,,,4bv7ii8qtj61j9ai,,,,,,"{'value': '100', 'price': 1, 'ip_address': '58.29.142.155'}",{'ip': '58.29.142.155'}
,,,,2024-07-04T22:07:00.203Z,2,2024-08-03T11:11:34.000Z,66871d047f4f2b001b80e6b8,visitor,0,Republic of Korea,,,2024-08-03T10:20:18.289Z,66ae0f96643615000c000899,스트롤다운,75,web,,,,,,,4bv7ii8qtj61j9ai,,,,,,"{'value': '75', 'price': 1, 'ip_address': '58.29.142.155'}",{'ip': '58.29.142.155'}
,,,,2024-07-04T22:07:00.203Z,2,2024-08-03T11:11:34.000Z,66871d047f4f2b001b80e6b8,visitor,0,Republic of Korea,,,2024-08-03T10:20:18.289Z,66ae0f8d3c6fe600064e2bc4,스트롤다운,50,web,,,,,,,4bv7ii8qtj61j9ai,,,,,,"{'value': '50', 'price': 1, 'ip_address': '58.29.142.155'}",{'ip': '58.29.142.155'}
,,,,2024-07-04T22:07:00.203Z,2,2024-08-03T11:11:34.000Z,66871d047f4f2b001b80e6b8,visitor,0,Republic of Korea,,,2024-08-03T10:20:18.289Z,66ae0f8ad706a00006369aac,스트롤다운,25,web,,,,,,,4bv7ii8qtj61j9ai,,,,,,"{'value': '25', 'price': 1, 'ip_address': '58.29.142.155'}",{'ip': '58.29.142.155'}
,,,,2024-07-04T22:07:00.203Z,2,2024-08-03T11:11:34.000Z,66871d047f4f2b001b80e6b8,visitor,0,Republic of Korea,,,2024-08-03T10:20:18.289Z,66ae0f87643615000c0005e2,페이지전환완료,1,web,,,,,,,4bv7ii8qtj61j9ai,,,,,,"{'value': 1, 'ip_address': '58.29.142.155', 'URL': 'https://m.n-shine.com/order/orderform.html?basket_type=A0000&amp;delvtype=A&amp;paymethod=kakaopay&amp;only_one_paymethod=T', 'Referrer': 'https://m.n-shine.com/product/layer_option.html?product_no=860&amp;cate_no=73&amp;bPrdOptLayer=T&amp;bIsUseRegularDelivery=F'}",{'ip': '58.29.142.155'}
여가,워크숍 컨설팅,무료 체험,"기업체, 단체 워크숍 무료상담 신청하세요!",2024-07-04T22:07:00.203Z,2,2024-08-03T11:11:34.000Z,66871d047f4f2b001b80e6b8,visitor,0,Republic of Korea,,,2024-08-03T10:20:18.289Z,66ae0f876bf68b0007443c6d,페이지방문완료,1,web,온라인판매,무료 체험,0.0,2023-02-01,http://lp.iam2.co.kr/landing_thearam_0305/,,4bv7ii8qtj61j9ai,7.0,8.0,9.0,10,12.0,"{'value': 1, 'url': 'https://m.n-shine.com/order/orderform.html?basket_type=A0000&amp;delvtype=A&amp;paymethod=kakaopay&amp;only_one_paymethod=T', 'ip_address': '58.29.142.155', 'Referrer': 'https://m.n-shine.com/product/layer_option.html?product_no=860&amp;cate_no=73&amp;bPrdOptLayer=T&amp;bIsUseRegularDelivery=F'}",{'ip': '58.29.142.155'}
여가,워크숍 컨설팅,무료 체험,"기업체, 단체 워크숍 무료상담 신청하세요!",2024-07-04T22:07:00.203Z,2,2024-08-03T11:11:34.000Z,66871d047f4f2b001b80e6b8,visitor,0,Republic of Korea,,,2024-08-03T10:20:18.289Z,66ae0f873c6fe600064e2aa4,visited_url,http://lp.iam2.co.kr/landing_thearam_0305/,web,온라인판매,무료 체험,0.0,2023-02-01,http://lp.iam2.co.kr/landing_thearam_0305/,,4bv7ii8qtj61j9ai,7.0,8.0,9.0,10,12.0,"{'value': 'https://m.n-shine.com/order/orderform.html?basket_type=A0000&amp;delvtype=A&amp;paymethod=kakaopay&amp;only_one_paymethod=T', 'referrer': 'https://m.n-shine.com/product/layer_option.html?product_no=860&amp;cate_no=73&amp;bPrdOptLayer=T&amp;bIsUseRegularDelivery=F', 'page_title': '네츄럴샤인-자연으로 피부를 빛나게하다.', 'ip_address': '58.29.142.155'}",{'ip': '58.29.142.155'}
,,,,2024-07-04T22:07:00.203Z,2,2024-08-03T11:11:34.000Z,66871d047f4f2b001b80e6b8,visitor,0,Republic of Korea,,,2024-08-03T10:20:18.289Z,66ae0f873c6fe600064e2a94,사이트방문완료,1,web,,,,,,,4bv7ii8qtj61j9ai,,,,,,"{'value': 1, 'ip_address': '58.29.142.155', 'URL': 'https://m.n-shine.com/order/orderform.html?basket_type=A0000&amp;delvtype=A&amp;paymethod=kakaopay&amp;only_one_paymethod=T', 'Referrer': 'https://m.n-shine.com/product/layer_option.html?product_no=860&amp;cate_no=73&amp;bPrdOptLayer=T&amp;bIsUseRegularDelivery=F'}",{'ip': '58.29.142.155'}
여가,워크숍 컨설팅,무료 체험,"기업체, 단체 워크숍 무료상담 신청하세요!",2024-07-04T22:07:00.203Z,2,2024-08-03T11:11:34.000Z,66871d047f4f2b001b80e6b8,visitor,0,Republic of Korea,,,2024-08-03T10:20:18.289Z,66ae0f87d706a00006369a04,사이트전환완료,1,web,온라인판매,무료 체험,0.0,2023-02-01,http://lp.iam2.co.kr/landing_thearam_0305/,,4bv7ii8qtj61j9ai,7.0,8.0,9.0,10,12.0,"{'value': 1, 'url': 'https://m.n-shine.com/order/orderform.html?basket_type=A0000&amp;delvtype=A&amp;paymethod=kakaopay&amp;only_one_paymethod=T', 'product': 'undefined', 'ip_address': '58.29.142.155', 'category': 'undefined', 'Referrer': 'https://m.n-shine.com/product/layer_option.html?product_no=860&amp;cate_no=73&amp;bPrdOptLayer=T&amp;bIsUseRegularDelivery=F'}",{'ip': '58.29.142.155'}
여가,워크숍 컨설팅,무료 체험,"기업체, 단체 워크숍 무료상담 신청하세요!",2024-07-04T22:07:00.203Z,2,2024-08-03T11:11:34.000Z,66871d047f4f2b001b80e6b8,visitor,0,Republic of Korea,,,2024-08-03T10:20:18.289Z,66ae0f81d706a000063698c9,캠페인방문완료,2,web,온라인판매,무료 체험,0.0,2023-02-01,http://lp.iam2.co.kr/landing_thearam_0305/,,4bv7ii8qtj61j9ai,7.0,8.0,9.0,10,12.0,"{'value': 2, 'url': 'https://m.n-shine.com/product/detail.html?product_no=860&amp;cate_no=73', 'key': 'm.n-shine.com/product/detail.html', 'ip_address': '58.29.142.155', 'UTMConent': '자연으로 피부를 빛나게 하다 ■ Natural Shine homepage■', 'Referrer': 'https://m.n-shine.com/order/basket.html', 'PageTitle': '자연으로 피부를 빛나게 하다 ■ Natural Shine homepage■'}",{'ip': '58.29.142.155'}
,,,,2024-07-04T22:07:00.203Z,2,2024-08-03T11:11:34.000Z,66871d047f4f2b001b80e6b8,visitor,0,Republic of Korea,,,2024-08-03T10:20:18.289Z,66ae0f6cd706a00006369548,페이지전환완료,1,web,,,,,,,4bv7ii8qtj61j9ai,,,,,,"{'value': 1, 'ip_address': '58.29.142.155', 'URL': 'https://m.n-shine.com/product/detail.html?product_no=860&amp;cate_no=73', 'Referrer': 'https://m.n-shine.com/order/basket.html'}",{'ip': '58.29.142.155'}
여가,워크숍 컨설팅,무료 체험,"기업체, 단체 워크숍 무료상담 신청하세요!",2024-07-04T22:07:00.203Z,2,2024-08-03T11:11:34.000Z,66871d047f4f2b001b80e6b8,visitor,0,Republic of Korea,,,2024-08-03T10:20:18.289Z,66ae0f6c3c6fe600064e264b,사이트전환완료,1,web,온라인판매,무료 체험,0.0,2023-02-01,http://lp.iam2.co.kr/landing_thearam_0305/,,4bv7ii8qtj61j9ai,7.0,8.0,9.0,10,12.0,"{'value': 1, 'url': 'https://m.n-shine.com/product/detail.html?product_no=860&amp;cate_no=73', 'product': '바로구매', 'ip_address': '58.29.142.155', 'category': 'undefined', 'Referrer': 'https://m.n-shine.com/order/basket.html'}",{'ip': '58.29.142.155'}
여가,워크숍 컨설팅,무료 체험,"기업체, 단체 워크숍 무료상담 신청하세요!",2024-07-04T22:07:00.203Z,2,2024-08-03T11:11:34.000Z,66871d047f4f2b001b80e6b8,visitor,0,Republic of Korea,,,2024-08-03T10:20:18.289Z,66ae0f653c6fe600064e25a7,visited_url,http://lp.iam2.co.kr/landing_thearam_0305/,web,온라인판매,무료 체험,0.0,2023-02-01,http://lp.iam2.co.kr/landing_thearam_0305/,,4bv7ii8qtj61j9ai,7.0,8.0,9.0,10,12.0,"{'value': 'https://m.n-shine.com/product/detail.html?product_no=860&amp;cate_no=73', 'referrer': 'https://m.n-shine.com/order/basket.html', 'page_title': '자연으로 피부를 빛나게 하다 ■ Natural Shine homepage■', 'ip_address': '58.29.142.155'}",{'ip': '58.29.142.155'}
,,,,2024-07-04T22:07:00.203Z,2,2024-08-03T11:11:34.000Z,66871d047f4f2b001b80e6b8,visitor,0,Republic of Korea,,,2024-08-03T10:20:18.289Z,66ae0f65d706a0000636948c,사이트방문완료,1,web,,,,,,,4bv7ii8qtj61j9ai,,,,,,"{'value': 1, 'ip_address': '58.29.142.155', 'URL': 'https://m.n-shine.com/product/detail.html?product_no=860&amp;cate_no=73', 'Referrer': 'https://m.n-shine.com/order/basket.html'}",{'ip': '58.29.142.155'}
여가,워크숍 컨설팅,무료 체험,"기업체, 단체 워크숍 무료상담 신청하세요!",2024-07-04T22:07:00.203Z,2,2024-08-03T11:11:34.000Z,66871d047f4f2b001b80e6b8,visitor,0,Republic of Korea,,,2024-08-03T10:20:18.289Z,66ae0f653c6fe600064e259f,페이지방문완료,1,web,온라인판매,무료 체험,0.0,2023-02-01,http://lp.iam2.co.kr/landing_thearam_0305/,,4bv7ii8qtj61j9ai,7.0,8.0,9.0,10,12.0,"{'value': 1, 'url': 'https://m.n-shine.com/product/detail.html?product_no=860&amp;cate_no=73', 'ip_address': '58.29.142.155', 'Referrer': 'https://m.n-shine.com/order/basket.html'}",{'ip': '58.29.142.155'}
,,,,2024-07-04T22:07:00.203Z,2,2024-08-03T11:11:34.000Z,66871d047f4f2b001b80e6b8,visitor,0,Republic of Korea,,,2024-08-03T10:20:18.289Z,66ae0f236bf68b00074432ba,스트롤다운,100,web,,,,,,,4bv7ii8qtj61j9ai,,,,,,"{'value': '100', 'price': 1, 'ip_address': '58.29.142.155'}",{'ip': '58.29.142.155'}
,,,,2024-07-04T22:07:00.203Z,2,2024-08-03T11:11:34.000Z,66871d047f4f2b001b80e6b8,visitor,0,Republic of Korea,,,2024-08-03T10:20:18.289Z,66ae0f23d706a000063689ba,스트롤다운,50,web,,,,,,,4bv7ii8qtj61j9ai,,,,,,"{'value': '50', 'price': 1, 'ip_address': '58.29.142.155'}",{'ip': '58.29.142.155'}
,,,,2024-07-04T22:07:00.203Z,2,2024-08-03T11:11:34.000Z,66871d047f4f2b001b80e6b8,visitor,0,Republic of Korea,,,2024-08-03T10:20:18.289Z,66ae0f23d706a000063689b8,스트롤다운,75,web,,,,,,,4bv7ii8qtj61j9ai,,,,,,"{'value': '75', 'price': 1, 'ip_address': '58.29.142.155'}",{'ip': '58.29.142.155'}
,,,,2024-07-04T22:07:00.203Z,2,2024-08-03T11:11:34.000Z,66871d047f4f2b001b80e6b8,visitor,0,Republic of Korea,,,2024-08-03T10:20:18.289Z,66ae0f23d706a000063689b5,스트롤다운,25,web,,,,,,,4bv7ii8qtj61j9ai,,,,,,"{'value': '25', 'price': 1, 'ip_address': '58.29.142.155'}",{'ip': '58.29.142.155'}
여가,워크숍 컨설팅,무료 체험,"기업체, 단체 워크숍 무료상담 신청하세요!",2024-07-04T22:07:00.203Z,2,2024-08-03T11:11:34.000Z,66871d047f4f2b001b80e6b8,visitor,0,Republic of Korea,,,2024-08-03T10:20:18.289Z,66ae0f1f3c6fe600064e1adc,visited_url,http://lp.iam2.co.kr/landing_thearam_0305/,web,온라인판매,무료 체험,0.0,2023-02-01,http://lp.iam2.co.kr/landing_thearam_0305/,,4bv7ii8qtj61j9ai,7.0,8.0,9.0,10,12.0,"{'value': 'https://m.n-shine.com/coupon/coupon_select.html', 'referrer': 'https://m.n-shine.com/order/orderform.html?basket_type=all_buy&amp;delvtype=A', 'page_title': '네츄럴샤인-자연으로 피부를 빛나게하다.', 'ip_address': '58.29.142.155'}",{'ip': '58.29.142.155'}
,,,,2024-07-04T22:07:00.203Z,2,2024-08-03T11:11:34.000Z,66871d047f4f2b001b80e6b8,visitor,0,Republic of Korea,,,2024-08-03T10:20:18.289Z,66ae0f1f6bf68b0007443204,페이지전환완료,1,web,,,,,,,4bv7ii8qtj61j9ai,,,,,,"{'value': 1, 'ip_address': '58.29.142.155', 'URL': 'https://m.n-shine.com/coupon/coupon_select.html', 'Referrer': 'https://m.n-shine.com/order/orderform.html?basket_type=all_buy&amp;delvtype=A'}",{'ip': '58.29.142.155'}
여가,워크숍 컨설팅,무료 체험,"기업체, 단체 워크숍 무료상담 신청하세요!",2024-07-04T22:07:00.203Z,2,2024-08-03T11:11:34.000Z,66871d047f4f2b001b80e6b8,visitor,0,Republic of Korea,,,2024-08-03T10:20:18.289Z,66ae0f1f6bf68b0007443202,페이지방문완료,1,web,온라인판매,무료 체험,0.0,2023-02-01,http://lp.iam2.co.kr/landing_thearam_0305/,,4bv7ii8qtj61j9ai,7.0,8.0,9.0,10,12.0,"{'value': 1, 'url': 'https://m.n-shine.com/coupon/coupon_select.html', 'ip_address': '58.29.142.155', 'Referrer': 'https://m.n-shine.com/order/orderform.html?basket_type=all_buy&amp;delvtype=A'}",{'ip': '58.29.142.155'}
,,,,2024-07-04T22:07:00.203Z,2,2024-08-03T11:11:34.000Z,66871d047f4f2b001b80e6b8,visitor,0,Republic of Korea,,,2024-08-03T10:20:18.289Z,66ae0f1f643615000cfff603,사이트방문완료,1,web,,,,,,,4bv7ii8qtj61j9ai,,,,,,"{'value': 1, 'ip_address': '58.29.142.155', 'URL': 'https://m.n-shine.com/coupon/coupon_select.html', 'Referrer': 'https://m.n-shine.com/order/orderform.html?basket_type=all_buy&amp;delvtype=A'}",{'ip': '58.29.142.155'}
여가,워크숍 컨설팅,무료 체험,"기업체, 단체 워크숍 무료상담 신청하세요!",2024-07-04T22:07:00.203Z,2,2024-08-03T11:11:34.000Z,66871d047f4f2b001b80e6b8,visitor,0,Republic of Korea,,,2024-08-03T10:20:18.289Z,66ae0f1f3c6fe600064e1ad9,캠페인방문완료,2,web,온라인판매,무료 체험,0.0,2023-02-01,http://lp.iam2.co.kr/landing_thearam_0305/,,4bv7ii8qtj61j9ai,7.0,8.0,9.0,10,12.0,"{'value': 2, 'url': 'https://m.n-shine.com/coupon/coupon_select.html', 'key': 'm.n-shine.com/coupon/coupon_select.html', 'ip_address': '58.29.142.155', 'UTMConent': '네츄럴샤인-자연으로 피부를 빛나게하다.', 'Referrer': 'https://m.n-shine.com/order/orderform.html?basket_type=all_buy&amp;delvtype=A', 'PageTitle': '네츄럴샤인-자연으로 피부를 빛나게하다.'}",{'ip': '58.29.142.155'}
여가,워크숍 컨설팅,무료 체험,"기업체, 단체 워크숍 무료상담 신청하세요!",2024-07-04T22:07:00.203Z,2,2024-08-03T11:11:34.000Z,66871d047f4f2b001b80e6b8,visitor,0,Republic of Korea,,,2024-08-03T10:20:18.289Z,66ae0f1f643615000cfff602,사이트전환완료,1,web,온라인판매,무료 체험,0.0,2023-02-01,http://lp.iam2.co.kr/landing_thearam_0305/,,4bv7ii8qtj61j9ai,7.0,8.0,9.0,10,12.0,"{'value': 1, 'url': 'https://m.n-shine.com/coupon/coupon_select.html', 'product': '선택하세요 (~01/01 00:00) NEW 신제품 큐어 립스틱 런칭 기념 5% 할인 쿠폰 (~01/31 23:00) 카카오톡 플친맺고 3,000원 할인 쿠폰 받자! (3만원이상)', 'ip_address': '58.29.142.155', 'category': 'undefined', 'Referrer': 'https://m.n-shine.com/order/orderform.html?basket_type=all_buy&amp;delvtype=A'}",{'ip': '58.29.142.155'}
여가,워크숍 컨설팅,무료 체험,"기업체, 단체 워크숍 무료상담 신청하세요!",2024-07-04T22:07:00.203Z,2,2024-08-03T11:11:34.000Z,66871d047f4f2b001b80e6b8,visitor,0,Republic of Korea,,,2024-08-03T10:20:18.289Z,66ae0eb4d706a00006367924,페이지방문완료,1,web,온라인판매,무료 체험,0.0,2023-02-01,http://lp.iam2.co.kr/landing_thearam_0305/,,4bv7ii8qtj61j9ai,7.0,8.0,9.0,10,12.0,"{'value': 1, 'url': 'https://m.n-shine.com/order/basket.html', 'ip_address': '58.29.142.155', 'Referrer': 'https://m.n-shine.com/naturalshine/24ondo.html?cafe_mkt=ue_8event'}",{'ip': '58.29.142.155'}
,,,,2024-07-04T22:07:00.203Z,2,2024-08-03T11:11:34.000Z,66871d047f4f2b001b80e6b8,visitor,0,Republic of Korea,,,2024-08-03T10:20:18.289Z,66ae0eb43c6fe600064e0cb9,사이트방문완료,1,web,,,,,,,4bv7ii8qtj61j9ai,,,,,,"{'value': 1, 'ip_address': '58.29.142.155', 'URL': 'https://m.n-shine.com/order/basket.html', 'Referrer': 'https://m.n-shine.com/naturalshine/24ondo.html?cafe_mkt=ue_8event'}",{'ip': '58.29.142.155'}
여가,워크숍 컨설팅,무료 체험,"기업체, 단체 워크숍 무료상담 신청하세요!",2024-07-04T22:07:00.203Z,2,2024-08-03T11:11:34.000Z,66871d047f4f2b001b80e6b8,visitor,0,Republic of Korea,,,2024-08-03T10:20:18.289Z,66ae0eb43c6fe600064e0cb3,캠페인방문완료,2,web,온라인판매,무료 체험,0.0,2023-02-01,http://lp.iam2.co.kr/landing_thearam_0305/,,4bv7ii8qtj61j9ai,7.0,8.0,9.0,10,12.0,"{'value': 2, 'url': 'https://m.n-shine.com/order/basket.html', 'key': 'm.n-shine.com/order/basket.html', 'ip_address': '58.29.142.155', 'UTMConent': '네츄럴샤인-자연으로 피부를 빛나게하다.', 'Referrer': 'https://m.n-shine.com/naturalshine/24ondo.html?cafe_mkt=ue_8event', 'PageTitle': '네츄럴샤인-자연으로 피부를 빛나게하다.'}",{'ip': '58.29.142.155'}
,,,,2024-07-04T22:07:00.203Z,2,2024-08-03T11:11:34.000Z,66871d047f4f2b001b80e6b8,visitor,0,Republic of Korea,,,2024-08-03T10:20:18.289Z,66ae0eb46bf68b0007442893,스트롤다운,25,web,,,,,,,4bv7ii8qtj61j9ai,,,,,,"{'value': '25', 'price': 1, 'ip_address': '58.29.142.155'}",{'ip': '58.29.142.155'}
,,,,2024-07-04T22:07:00.203Z,2,2024-08-03T11:11:34.000Z,66871d047f4f2b001b80e6b8,visitor,0,Republic of Korea,,,2024-08-03T10:20:18.289Z,66ae0eb4d706a0000636791c,페이지전환완료,1,web,,,,,,,4bv7ii8qtj61j9ai,,,,,,"{'value': 1, 'ip_address': '58.29.142.155', 'URL': 'https://m.n-shine.com/order/basket.html', 'Referrer': 'https://m.n-shine.com/naturalshine/24ondo.html?cafe_mkt=ue_8event'}",{'ip': '58.29.142.155'}
여가,워크숍 컨설팅,무료 체험,"기업체, 단체 워크숍 무료상담 신청하세요!",2024-07-04T22:07:00.203Z,2,2024-08-03T11:11:34.000Z,66871d047f4f2b001b80e6b8,visitor,0,Republic of Korea,,,2024-08-03T10:20:18.289Z,66ae0eb43c6fe600064e0cb1,visited_url,http://lp.iam2.co.kr/landing_thearam_0305/,web,온라인판매,무료 체험,0.0,2023-02-01,http://lp.iam2.co.kr/landing_thearam_0305/,,4bv7ii8qtj61j9ai,7.0,8.0,9.0,10,12.0,"{'value': 'https://m.n-shine.com/order/basket.html', 'referrer': 'https://m.n-shine.com/naturalshine/24ondo.html?cafe_mkt=ue_8event', 'page_title': '네츄럴샤인-자연으로 피부를 빛나게하다.', 'ip_address': '58.29.142.155'}",{'ip': '58.29.142.155'}
여가,워크숍 컨설팅,무료 체험,"기업체, 단체 워크숍 무료상담 신청하세요!",2024-07-04T22:07:00.203Z,2,2024-08-03T11:11:34.000Z,66871d047f4f2b001b80e6b8,visitor,0,Republic of Korea,,,2024-08-03T10:20:18.289Z,66ae0eb46bf68b0007442892,사이트전환완료,1,web,온라인판매,무료 체험,0.0,2023-02-01,http://lp.iam2.co.kr/landing_thearam_0305/,,4bv7ii8qtj61j9ai,7.0,8.0,9.0,10,12.0,"{'value': 1, 'url': 'https://m.n-shine.com/order/basket.html', 'product': 'undefined', 'ip_address': '58.29.142.155', 'category': 'undefined', 'Referrer': 'https://m.n-shine.com/naturalshine/24ondo.html?cafe_mkt=ue_8event'}",{'ip': '58.29.142.155'}
,,,,2024-07-04T22:07:00.203Z,2,2024-08-03T11:11:34.000Z,66871d047f4f2b001b80e6b8,visitor,0,Republic of Korea,,,2024-08-03T10:20:18.289Z,66ae0ea9d706a000063677cc,페이지전환완료,1,web,,,,,,,4bv7ii8qtj61j9ai,,,,,,"{'value': 1, 'ip_address': '58.29.142.155', 'URL': 'https://m.n-shine.com/naturalshine/24ondo.html?cafe_mkt=ue_8event', 'Referrer': ''}",{'ip': '58.29.142.155'}
여가,워크숍 컨설팅,무료 체험,"기업체, 단체 워크숍 무료상담 신청하세요!",2024-07-04T22:07:00.203Z,2,2024-08-03T11:11:34.000Z,66871d047f4f2b001b80e6b8,visitor,0,Republic of Korea,,,2024-08-03T10:20:18.289Z,66ae0ea9643615000cffe6db,사이트전환완료,1,web,온라인판매,무료 체험,0.0,2023-02-01,http://lp.iam2.co.kr/landing_thearam_0305/,,4bv7ii8qtj61j9ai,7.0,8.0,9.0,10,12.0,"{'value': 1, 'url': 'https://m.n-shine.com/naturalshine/24ondo.html?cafe_mkt=ue_8event', 'product': '3', 'ip_address': '58.29.142.155', 'category': 'undefined', 'Referrer': ''}",{'ip': '58.29.142.155'}
,,,,2024-07-04T22:07:00.203Z,2,2024-08-03T11:11:34.000Z,66871d047f4f2b001b80e6b8,visitor,0,Republic of Korea,,,2024-08-03T10:20:18.289Z,66ae0ea0643615000cffe50e,사이트방문완료,1,web,,,,,,,4bv7ii8qtj61j9ai,,,,,,"{'value': 1, 'ip_address': '58.29.142.155', 'URL': 'https://m.n-shine.com/naturalshine/24ondo.html?cafe_mkt=ue_8event', 'Referrer': ''}",{'ip': '58.29.142.155'}
,,,,2024-07-04T22:07:00.203Z,2,2024-08-03T11:11:34.000Z,66871d047f4f2b001b80e6b8,visitor,0,Republic of Korea,,,2024-08-03T10:20:18.289Z,66ae0ea03c6fe600064e09cd,스트롤다운,25,web,,,,,,,4bv7ii8qtj61j9ai,,,,,,"{'value': '25', 'price': 1, 'ip_address': '58.29.142.155'}",{'ip': '58.29.142.155'}
여가,워크숍 컨설팅,무료 체험,"기업체, 단체 워크숍 무료상담 신청하세요!",2024-07-04T22:07:00.203Z,2,2024-08-03T11:11:34.000Z,66871d047f4f2b001b80e6b8,visitor,0,Republic of Korea,,,2024-08-03T10:20:18.289Z,66ae0e9f643615000cffe4f8,visited_url,http://lp.iam2.co.kr/landing_thearam_0305/,web,온라인판매,무료 체험,0.0,2023-02-01,http://lp.iam2.co.kr/landing_thearam_0305/,,4bv7ii8qtj61j9ai,7.0,8.0,9.0,10,12.0,"{'value': 'https://m.n-shine.com/naturalshine/24ondo.html?cafe_mkt=ue_8event', 'referrer': '', 'page_title': '네츄럴샤인-자연으로 피부를 빛나게하다.', 'ip_address': '58.29.142.155'}",{'ip': '58.29.142.155'}
,,,,2024-07-04T22:07:00.203Z,2,2024-08-03T11:11:34.000Z,66871d047f4f2b001b80e6b8,visitor,0,Republic of Korea,,,2024-08-03T10:20:18.289Z,66ae0e9f3c6fe600064e09c2,스트롤다운,50,web,,,,,,,4bv7ii8qtj61j9ai,,,,,,"{'value': '50', 'price': 1, 'ip_address': '58.29.142.155'}",{'ip': '58.29.142.155'}
여가,워크숍 컨설팅,무료 체험,"기업체, 단체 워크숍 무료상담 신청하세요!",2024-07-04T22:07:00.203Z,2,2024-08-03T11:11:34.000Z,66871d047f4f2b001b80e6b8,visitor,0,Republic of Korea,,,2024-08-03T10:20:18.289Z,66ae0e9f3c6fe600064e09c0,페이지방문완료,1,web,온라인판매,무료 체험,0.0,2023-02-01,http://lp.iam2.co.kr/landing_thearam_0305/,,4bv7ii8qtj61j9ai,7.0,8.0,9.0,10,12.0,"{'value': 1, 'url': 'https://m.n-shine.com/naturalshine/24ondo.html?cafe_mkt=ue_8event', 'ip_address': '58.29.142.155', 'Referrer': ''}",{'ip': '58.29.142.155'}
여가,워크숍 컨설팅,무료 체험,"기업체, 단체 워크숍 무료상담 신청하세요!",2024-07-04T22:07:00.203Z,2,2024-08-03T11:11:34.000Z,66871d047f4f2b001b80e6b8,visitor,0,Republic of Korea,,,2024-08-03T10:20:18.289Z,66ae0e9f643615000cffe4f1,캠페인방문완료,2,web,온라인판매,무료 체험,0.0,2023-02-01,http://lp.iam2.co.kr/landing_thearam_0305/,,4bv7ii8qtj61j9ai,7.0,8.0,9.0,10,12.0,"{'value': 2, 'url': 'https://m.n-shine.com/naturalshine/24ondo.html?cafe_mkt=ue_8event', 'key': 'm.n-shine.com/naturalshine/24ondo.html', 'ip_address': '58.29.142.155', 'UTMConent': '네츄럴샤인-자연으로 피부를 빛나게하다.', 'Referrer': '', 'PageTitle': '네츄럴샤인-자연으로 피부를 빛나게하다.'}",{'ip': '58.29.142.155'}
,,,,2024-07-04T22:07:00.203Z,2,2024-08-03T11:11:34.000Z,66871d047f4f2b001b80e6b8,visitor,0,Republic of Korea,,,2024-08-03T10:20:18.289Z,66ae0e74d706a00006367065,스트롤다운,50,web,,,,,,,4bv7ii8qtj61j9ai,,,,,,"{'value': '50', 'price': 1, 'ip_address': '58.29.142.155'}",{'ip': '58.29.142.155'}
여가,워크숍 컨설팅,무료 체험,"기업체, 단체 워크숍 무료상담 신청하세요!",2024-07-04T22:07:00.203Z,2,2024-08-03T11:11:34.000Z,66871d047f4f2b001b80e6b8,visitor,0,Republic of Korea,,,2024-08-03T10:20:18.289Z,66ae0e666bf68b00074421d1,페이지방문완료,1,web,온라인판매,무료 체험,0.0,2023-02-01,http://lp.iam2.co.kr/landing_thearam_0305/,,4bv7ii8qtj61j9ai,7.0,8.0,9.0,10,12.0,"{'value': 1, 'url': 'https://m.n-shine.com/order/basket.html', 'ip_address': '58.29.142.155', 'Referrer': 'https://m.n-shine.com/product/new-%EC%BB%AC%EB%9F%AC-%EC%B6%9C%EC%8B%9C-%EB%9F%AD%EC%8A%A4-%ED%8A%B8%EB%A6%AC%ED%94%8C-%ED%81%90%EC%96%B4-%EB%A6%BD%EC%8A%A4%ED%8B%B1/860/category/73/'}",{'ip': '58.29.142.155'}
여가,워크숍 컨설팅,무료 체험,"기업체, 단체 워크숍 무료상담 신청하세요!",2024-07-04T22:07:00.203Z,2,2024-08-03T11:11:34.000Z,66871d047f4f2b001b80e6b8,visitor,0,Republic of Korea,,,2024-08-03T10:20:18.289Z,66ae0e666bf68b00074421ca,visited_url,http://lp.iam2.co.kr/landing_thearam_0305/,web,온라인판매,무료 체험,0.0,2023-02-01,http://lp.iam2.co.kr/landing_thearam_0305/,,4bv7ii8qtj61j9ai,7.0,8.0,9.0,10,12.0,"{'value': 'https://m.n-shine.com/order/basket.html', 'referrer': 'https://m.n-shine.com/product/new-%EC%BB%AC%EB%9F%AC-%EC%B6%9C%EC%8B%9C-%EB%9F%AD%EC%8A%A4-%ED%8A%B8%EB%A6%AC%ED%94%8C-%ED%81%90%EC%96%B4-%EB%A6%BD%EC%8A%A4%ED%8B%B1/860/category/73/', 'page_title': '네츄럴샤인-자연으로 피부를 빛나게하다.', 'ip_address': '58.29.142.155'}",{'ip': '58.29.142.155'}
,,,,2024-07-04T22:07:00.203Z,2,2024-08-03T11:11:34.000Z,66871d047f4f2b001b80e6b8,visitor,0,Republic of Korea,,,2024-08-03T10:20:18.289Z,66ae0e66643615000cffdea0,스트롤다운,25,web,,,,,,,4bv7ii8qtj61j9ai,,,,,,"{'value': '25', 'price': 1, 'ip_address': '58.29.142.155'}",{'ip': '58.29.142.155'}
여가,워크숍 컨설팅,무료 체험,"기업체, 단체 워크숍 무료상담 신청하세요!",2024-07-04T22:07:00.203Z,2,2024-08-03T11:11:34.000Z,66871d047f4f2b001b80e6b8,visitor,0,Republic of Korea,,,2024-08-03T10:20:18.289Z,66ae0e663c6fe600064e0363,캠페인방문완료,2,web,온라인판매,무료 체험,0.0,2023-02-01,http://lp.iam2.co.kr/landing_thearam_0305/,,4bv7ii8qtj61j9ai,7.0,8.0,9.0,10,12.0,"{'value': 2, 'url': 'https://m.n-shine.com/order/basket.html', 'key': 'm.n-shine.com/order/basket.html', 'ip_address': '58.29.142.155', 'UTMConent': '네츄럴샤인-자연으로 피부를 빛나게하다.', 'Referrer': 'https://m.n-shine.com/product/new-%EC%BB%AC%EB%9F%AC-%EC%B6%9C%EC%8B%9C-%EB%9F%AD%EC%8A%A4-%ED%8A%B8%EB%A6%AC%ED%94%8C-%ED%81%90%EC%96%B4-%EB%A6%BD%EC%8A%A4%ED%8B%B1/860/category/73/', 'PageTitle': '네츄럴샤인-자연으로 피부를 빛나게하다.'}",{'ip': '58.29.142.155'}
,,,,2024-07-04T22:07:00.203Z,2,2024-08-03T11:11:34.000Z,66871d047f4f2b001b80e6b8,visitor,0,Republic of Korea,,,2024-08-03T10:20:18.289Z,66ae0e663c6fe600064e0362,사이트방문완료,1,web,,,,,,,4bv7ii8qtj61j9ai,,,,,,"{'value': 1, 'ip_address': '58.29.142.155', 'URL': 'https://m.n-shine.com/order/basket.html', 'Referrer': 'https://m.n-shine.com/product/new-%EC%BB%AC%EB%9F%AC-%EC%B6%9C%EC%8B%9C-%EB%9F%AD%EC%8A%A4-%ED%8A%B8%EB%A6%AC%ED%94%8C-%ED%81%90%EC%96%B4-%EB%A6%BD%EC%8A%A4%ED%8B%B1/860/category/73/'}",{'ip': '58.29.142.155'}
,,,,2024-07-04T22:07:00.203Z,2,2024-08-03T11:11:34.000Z,66871d047f4f2b001b80e6b8,visitor,0,Republic of Korea,,,2024-08-03T10:20:18.289Z,66ae0e533c6fe600064e00e9,페이지전환완료,1,web,,,,,,,4bv7ii8qtj61j9ai,,,,,,"{'value': 1, 'ip_address': '58.29.142.155', 'URL': 'https://m.n-shine.com/product/new-%EC%BB%AC%EB%9F%AC-%EC%B6%9C%EC%8B%9C-%EB%9F%AD%EC%8A%A4-%ED%8A%B8%EB%A6%AC%ED%94%8C-%ED%81%90%EC%96%B4-%EB%A6%BD%EC%8A%A4%ED%8B%B1/860/category/73/', 'Referrer': 'https://m.n-shine.com/order/orderform.html?basket_type=all_buy&amp;delvtype=A'}",{'ip': '58.29.142.155'}
여가,워크숍 컨설팅,무료 체험,"기업체, 단체 워크숍 무료상담 신청하세요!",2024-07-04T22:07:00.203Z,2,2024-08-03T11:11:34.000Z,66871d047f4f2b001b80e6b8,visitor,0,Republic of Korea,,,2024-08-03T10:20:18.289Z,66ae0e53643615000cffdc23,사이트전환완료,1,web,온라인판매,무료 체험,0.0,2023-02-01,http://lp.iam2.co.kr/landing_thearam_0305/,,4bv7ii8qtj61j9ai,7.0,8.0,9.0,10,12.0,"{'value': 1, 'url': 'https://m.n-shine.com/product/new-%EC%BB%AC%EB%9F%AC-%EC%B6%9C%EC%8B%9C-%EB%9F%AD%EC%8A%A4-%ED%8A%B8%EB%A6%AC%ED%94%8C-%ED%81%90%EC%96%B4-%EB%A6%BD%EC%8A%A4%ED%8B%B1/860/category/73/', 'product': '맨위로', 'ip_address': '58.29.142.155', 'category': 'undefined', 'Referrer': 'https://m.n-shine.com/order/orderform.html?basket_type=all_buy&amp;delvtype=A'}",{'ip': '58.29.142.155'}
,,,,2024-07-04T22:07:00.203Z,2,2024-08-03T11:11:34.000Z,66871d047f4f2b001b80e6b8,visitor,0,Republic of Korea,,,2024-08-03T10:20:18.289Z,66ae0dd86bf68b00074415e9,스트롤다운,75,web,,,,,,,4bv7ii8qtj61j9ai,,,,,,"{'value': '75', 'price': 1, 'ip_address': '58.29.142.155'}",{'ip': '58.29.142.155'}
,,,,2024-07-04T22:07:00.203Z,2,2024-08-03T11:11:34.000Z,66871d047f4f2b001b80e6b8,visitor,0,Republic of Korea,,,2024-08-03T10:20:18.289Z,66ae0dc6d706a000063659e5,스트롤다운,50,web,,,,,,,4bv7ii8qtj61j9ai,,,,,,"{'value': '50', 'price': 1, 'ip_address': '58.29.142.155'}",{'ip': '58.29.142.155'}
,,,,2024-07-04T22:07:00.203Z,2,2024-08-03T11:11:34.000Z,66871d047f4f2b001b80e6b8,visitor,0,Republic of Korea,,,2024-08-03T10:20:18.289Z,66ae0d94643615000cffc5ca,스트롤다운,25,web,,,,,,,4bv7ii8qtj61j9ai,,,,,,"{'value': '25', 'price': 1, 'ip_address': '58.29.142.155'}",{'ip': '58.29.142.155'}
여가,워크숍 컨설팅,무료 체험,"기업체, 단체 워크숍 무료상담 신청하세요!",2024-07-04T22:07:00.203Z,2,2024-08-03T11:11:34.000Z,66871d047f4f2b001b80e6b8,visitor,0,Republic of Korea,,,2024-08-03T10:20:18.289Z,66ae0d716bf68b0007440c5a,캠페인방문완료,2,web,온라인판매,무료 체험,0.0,2023-02-01,http://lp.iam2.co.kr/landing_thearam_0305/,,4bv7ii8qtj61j9ai,7.0,8.0,9.0,10,12.0,"{'value': 2, 'url': 'https://m.n-shine.com/product/new-%EC%BB%AC%EB%9F%AC-%EC%B6%9C%EC%8B%9C-%EB%9F%AD%EC%8A%A4-%ED%8A%B8%EB%A6%AC%ED%94%8C-%ED%81%90%EC%96%B4-%EB%A6%BD%EC%8A%A4%ED%8B%B1/860/category/73/', 'key': 'm.n-shine.com/product/new-%EC%BB%AC%EB%9F%AC-%EC%B6%9C%EC%8B%9C-%EB%9F%AD%EC%8A%A4-%ED%8A%B8%EB%A6%AC%ED%94%8C-%ED%81%90%EC%96%B4-%EB%A6%BD%EC%8A%A4%ED%8B%B1/860/category/73/', 'ip_address': '58.29.142.155', 'UTMConent': '자연으로 피부를 빛나게 하다 ■ Natural Shine homepage■', 'Referrer': 'https://m.n-shine.com/order/orderform.html?basket_type=all_buy&amp;delvtype=A', 'PageTitle': '자연으로 피부를 빛나게 하다 ■ Natural Shine homepage■'}",{'ip': '58.29.142.155'}
여가,워크숍 컨설팅,무료 체험,"기업체, 단체 워크숍 무료상담 신청하세요!",2024-07-04T22:07:00.203Z,2,2024-08-03T11:11:34.000Z,66871d047f4f2b001b80e6b8,visitor,0,Republic of Korea,,,2024-08-03T10:20:18.289Z,66ae0d633c6fe600064ddeb0,visited_url,http://lp.iam2.co.kr/landing_thearam_0305/,web,온라인판매,무료 체험,0.0,2023-02-01,http://lp.iam2.co.kr/landing_thearam_0305/,,4bv7ii8qtj61j9ai,7.0,8.0,9.0,10,12.0,"{'value': 'https://m.n-shine.com/product/new-%EC%BB%AC%EB%9F%AC-%EC%B6%9C%EC%8B%9C-%EB%9F%AD%EC%8A%A4-%ED%8A%B8%EB%A6%AC%ED%94%8C-%ED%81%90%EC%96%B4-%EB%A6%BD%EC%8A%A4%ED%8B%B1/860/category/73/', 'referrer': 'https://m.n-shine.com/order/orderform.html?basket_type=all_buy&amp;delvtype=A', 'page_title': '자연으로 피부를 빛나게 하다 ■ Natural Shine homepage■', 'ip_address': '58.29.142.155'}",{'ip': '58.29.142.155'}
여가,워크숍 컨설팅,무료 체험,"기업체, 단체 워크숍 무료상담 신청하세요!",2024-07-04T22:07:00.203Z,2,2024-08-03T11:11:34.000Z,66871d047f4f2b001b80e6b8,visitor,0,Republic of Korea,,,2024-08-03T10:20:18.289Z,66ae0d63d706a0000636471e,페이지방문완료,1,web,온라인판매,무료 체험,0.0,2023-02-01,http://lp.iam2.co.kr/landing_thearam_0305/,,4bv7ii8qtj61j9ai,7.0,8.0,9.0,10,12.0,"{'value': 1, 'url': 'https://m.n-shine.com/product/new-%EC%BB%AC%EB%9F%AC-%EC%B6%9C%EC%8B%9C-%EB%9F%AD%EC%8A%A4-%ED%8A%B8%EB%A6%AC%ED%94%8C-%ED%81%90%EC%96%B4-%EB%A6%BD%EC%8A%A4%ED%8B%B1/860/category/73/', 'ip_address': '58.29.142.155', 'Referrer': 'https://m.n-shine.com/order/orderform.html?basket_type=all_buy&amp;delvtype=A'}",{'ip': '58.29.142.155'}
,,,,2024-07-04T22:07:00.203Z,2,2024-08-03T11:11:34.000Z,66871d047f4f2b001b80e6b8,visitor,0,Republic of Korea,,,2024-08-03T10:20:18.289Z,66ae0d63d706a0000636471d,사이트방문완료,1,web,,,,,,,4bv7ii8qtj61j9ai,,,,,,"{'value': 1, 'ip_address': '58.29.142.155', 'URL': 'https://m.n-shine.com/product/new-%EC%BB%AC%EB%9F%AC-%EC%B6%9C%EC%8B%9C-%EB%9F%AD%EC%8A%A4-%ED%8A%B8%EB%A6%AC%ED%94%8C-%ED%81%90%EC%96%B4-%EB%A6%BD%EC%8A%A4%ED%8B%B1/860/category/73/', 'Referrer': 'https://m.n-shine.com/order/orderform.html?basket_type=all_buy&amp;delvtype=A'}",{'ip': '58.29.142.155'}
,,,,2024-07-04T22:07:00.203Z,2,2024-08-03T11:11:34.000Z,66871d047f4f2b001b80e6b8,visitor,0,Republic of Korea,,,2024-08-03T10:20:18.289Z,66ae0b54d706a0000635f73c,스트롤다운,100,web,,,,,,,4bv7ii8qtj61j9ai,,,,,,"{'value': '100', 'price': 1, 'ip_address': '58.29.142.155'}",{'ip': '58.29.142.155'}
,,,,2024-07-04T22:07:00.203Z,2,2024-08-03T11:11:34.000Z,66871d047f4f2b001b80e6b8,visitor,0,Republic of Korea,,,2024-08-03T10:20:18.289Z,66ae0b196bf68b000743cd86,스트롤다운,75,web,,,,,,,4bv7ii8qtj61j9ai,,,,,,"{'value': '75', 'price': 1, 'ip_address': '58.29.142.155'}",{'ip': '58.29.142.155'}
,,,,2024-07-04T22:07:00.203Z,2,2024-08-03T11:11:34.000Z,66871d047f4f2b001b80e6b8,visitor,0,Republic of Korea,,,2024-08-03T10:20:18.289Z,66ae0b023c6fe600064d807a,스트롤다운,50,web,,,,,,,4bv7ii8qtj61j9ai,,,,,,"{'value': '50', 'price': 1, 'ip_address': '58.29.142.155'}",{'ip': '58.29.142.155'}
,,,,2024-07-04T22:07:00.203Z,2,2024-08-03T11:11:34.000Z,66871d047f4f2b001b80e6b8,visitor,0,Republic of Korea,,,2024-08-03T10:20:18.289Z,66ae0afd3c6fe600064d7fcb,스트롤다운,25,web,,,,,,,4bv7ii8qtj61j9ai,,,,,,"{'value': '25', 'price': 1, 'ip_address': '58.29.142.155'}",{'ip': '58.29.142.155'}
,,,,2024-07-04T22:07:00.203Z,2,2024-08-03T11:11:34.000Z,66871d047f4f2b001b80e6b8,visitor,0,Republic of Korea,,,2024-08-03T10:20:18.289Z,66ae0afd3c6fe600064d7fc2,사이트방문완료,1,web,,,,,,,4bv7ii8qtj61j9ai,,,,,,"{'value': 1, 'ip_address': '58.29.142.155', 'URL': 'https://m.n-shine.com/order/orderform.html?basket_type=all_buy&amp;delvtype=A', 'Referrer': 'https://m.n-shine.com/order/basket.html'}",{'ip': '58.29.142.155'}
여가,워크숍 컨설팅,무료 체험,"기업체, 단체 워크숍 무료상담 신청하세요!",2024-07-04T22:07:00.203Z,2,2024-08-03T11:11:34.000Z,66871d047f4f2b001b80e6b8,visitor,0,Republic of Korea,,,2024-08-03T10:20:18.289Z,66ae0afd3c6fe600064d7fbd,사이트전환완료,1,web,온라인판매,무료 체험,0.0,2023-02-01,http://lp.iam2.co.kr/landing_thearam_0305/,,4bv7ii8qtj61j9ai,7.0,8.0,9.0,10,12.0,"{'value': 1, 'url': 'https://m.n-shine.com/order/orderform.html?basket_type=all_buy&amp;delvtype=A', 'product': 'undefined', 'ip_address': '58.29.142.155', 'category': 'undefined', 'Referrer': 'https://m.n-shine.com/order/basket.html'}",{'ip': '58.29.142.155'}
여가,워크숍 컨설팅,무료 체험,"기업체, 단체 워크숍 무료상담 신청하세요!",2024-07-04T22:07:00.203Z,2,2024-08-03T11:11:34.000Z,66871d047f4f2b001b80e6b8,visitor,0,Republic of Korea,,,2024-08-03T10:20:18.289Z,66ae0afd3c6fe600064d7fb4,페이지방문완료,1,web,온라인판매,무료 체험,0.0,2023-02-01,http://lp.iam2.co.kr/landing_thearam_0305/,,4bv7ii8qtj61j9ai,7.0,8.0,9.0,10,12.0,"{'value': 1, 'url': 'https://m.n-shine.com/order/orderform.html?basket_type=all_buy&amp;delvtype=A', 'ip_address': '58.29.142.155', 'Referrer': 'https://m.n-shine.com/order/basket.html'}",{'ip': '58.29.142.155'}
여가,워크숍 컨설팅,무료 체험,"기업체, 단체 워크숍 무료상담 신청하세요!",2024-07-04T22:07:00.203Z,2,2024-08-03T11:11:34.000Z,66871d047f4f2b001b80e6b8,visitor,0,Republic of Korea,,,2024-08-03T10:20:18.289Z,66ae0afd6bf68b000743cae4,visited_url,http://lp.iam2.co.kr/landing_thearam_0305/,web,온라인판매,무료 체험,0.0,2023-02-01,http://lp.iam2.co.kr/landing_thearam_0305/,,4bv7ii8qtj61j9ai,7.0,8.0,9.0,10,12.0,"{'value': 'https://m.n-shine.com/order/orderform.html?basket_type=all_buy&amp;delvtype=A', 'referrer': 'https://m.n-shine.com/order/basket.html', 'page_title': '네츄럴샤인-자연으로 피부를 빛나게하다.', 'ip_address': '58.29.142.155'}",{'ip': '58.29.142.155'}
,,,,2024-07-04T22:07:00.203Z,2,2024-08-03T11:11:34.000Z,66871d047f4f2b001b80e6b8,visitor,0,Republic of Korea,,,2024-08-03T10:20:18.289Z,66ae0afdd706a0000635ed31,페이지전환완료,1,web,,,,,,,4bv7ii8qtj61j9ai,,,,,,"{'value': 1, 'ip_address': '58.29.142.155', 'URL': 'https://m.n-shine.com/order/orderform.html?basket_type=all_buy&amp;delvtype=A', 'Referrer': 'https://m.n-shine.com/order/basket.html'}",{'ip': '58.29.142.155'}
,,,,2024-07-04T22:07:00.203Z,2,2024-08-03T11:11:34.000Z,66871d047f4f2b001b80e6b8,visitor,0,Republic of Korea,,,2024-08-03T10:20:18.289Z,66ae0afbd706a0000635eced,스트롤다운,75,web,,,,,,,4bv7ii8qtj61j9ai,,,,,,"{'value': '75', 'price': 1, 'ip_address': '58.29.142.155'}",{'ip': '58.29.142.155'}
여가,워크숍 컨설팅,무료 체험,"기업체, 단체 워크숍 무료상담 신청하세요!",2024-07-04T22:07:00.203Z,2,2024-08-03T11:11:34.000Z,66871d047f4f2b001b80e6b8,visitor,0,Republic of Korea,,,2024-08-03T10:20:18.289Z,66ae0af83c6fe600064d7e73,사이트전환완료,1,web,온라인판매,무료 체험,0.0,2023-02-01,http://lp.iam2.co.kr/landing_thearam_0305/,,4bv7ii8qtj61j9ai,7.0,8.0,9.0,10,12.0,"{'value': 1, 'url': 'https://m.n-shine.com/order/basket.html', 'product': 'undefined', 'ip_address': '58.29.142.155', 'category': 'undefined', 'Referrer': 'https://m.n-shine.com/naturalshine/24ondo.html?cafe_mkt=ue_8event'}",{'ip': '58.29.142.155'}
,,,,2024-07-04T22:07:00.203Z,2,2024-08-03T11:11:34.000Z,66871d047f4f2b001b80e6b8,visitor,0,Republic of Korea,,,2024-08-03T10:20:18.289Z,66ae0af83c6fe600064d7e59,페이지전환완료,1,web,,,,,,,4bv7ii8qtj61j9ai,,,,,,"{'value': 1, 'ip_address': '58.29.142.155', 'URL': 'https://m.n-shine.com/order/basket.html', 'Referrer': 'https://m.n-shine.com/naturalshine/24ondo.html?cafe_mkt=ue_8event'}",{'ip': '58.29.142.155'}
여가,워크숍 컨설팅,무료 체험,"기업체, 단체 워크숍 무료상담 신청하세요!",2024-07-04T22:07:00.203Z,2,2024-08-03T11:11:34.000Z,66871d047f4f2b001b80e6b8,visitor,0,Republic of Korea,,,2024-08-03T10:20:18.289Z,66ae0af83c6fe600064d7e55,visited_url,http://lp.iam2.co.kr/landing_thearam_0305/,web,온라인판매,무료 체험,0.0,2023-02-01,http://lp.iam2.co.kr/landing_thearam_0305/,,4bv7ii8qtj61j9ai,7.0,8.0,9.0,10,12.0,"{'value': 'https://m.n-shine.com/order/basket.html', 'referrer': 'https://m.n-shine.com/naturalshine/24ondo.html?cafe_mkt=ue_8event', 'page_title': '네츄럴샤인-자연으로 피부를 빛나게하다.', 'ip_address': '58.29.142.155'}",{'ip': '58.29.142.155'}
여가,워크숍 컨설팅,무료 체험,"기업체, 단체 워크숍 무료상담 신청하세요!",2024-07-04T22:07:00.203Z,2,2024-08-03T11:11:34.000Z,66871d047f4f2b001b80e6b8,visitor,0,Republic of Korea,,,2024-08-03T10:20:18.289Z,66ae0af83c6fe600064d7e49,캠페인방문완료,2,web,온라인판매,무료 체험,0.0,2023-02-01,http://lp.iam2.co.kr/landing_thearam_0305/,,4bv7ii8qtj61j9ai,7.0,8.0,9.0,10,12.0,"{'value': 2, 'url': 'https://m.n-shine.com/order/basket.html', 'key': 'm.n-shine.com/order/basket.html', 'ip_address': '58.29.142.155', 'UTMConent': '네츄럴샤인-자연으로 피부를 빛나게하다.', 'Referrer': 'https://m.n-shine.com/naturalshine/24ondo.html?cafe_mkt=ue_8event', 'PageTitle': '네츄럴샤인-자연으로 피부를 빛나게하다.'}",{'ip': '58.29.142.155'}
,,,,2024-07-04T22:07:00.203Z,2,2024-08-03T11:11:34.000Z,66871d047f4f2b001b80e6b8,visitor,0,Republic of Korea,,,2024-08-03T10:20:18.289Z,66ae0af83c6fe600064d7e47,사이트방문완료,1,web,,,,,,,4bv7ii8qtj61j9ai,,,,,,"{'value': 1, 'ip_address': '58.29.142.155', 'URL': 'https://m.n-shine.com/order/basket.html', 'Referrer': 'https://m.n-shine.com/naturalshine/24ondo.html?cafe_mkt=ue_8event'}",{'ip': '58.29.142.155'}
,,,,2024-07-04T22:07:00.203Z,2,2024-08-03T11:11:34.000Z,66871d047f4f2b001b80e6b8,visitor,0,Republic of Korea,,,2024-08-03T10:20:18.289Z,66ae0af86bf68b000743ca16,스트롤다운,50,web,,,,,,,4bv7ii8qtj61j9ai,,,,,,"{'value': '50', 'price': 1, 'ip_address': '58.29.142.155'}",{'ip': '58.29.142.155'}
,,,,2024-07-04T22:07:00.203Z,2,2024-08-03T11:11:34.000Z,66871d047f4f2b001b80e6b8,visitor,0,Republic of Korea,,,2024-08-03T10:20:18.289Z,66ae0af86bf68b000743ca11,스트롤다운,25,web,,,,,,,4bv7ii8qtj61j9ai,,,,,,"{'value': '25', 'price': 1, 'ip_address': '58.29.142.155'}",{'ip': '58.29.142.155'}
여가,워크숍 컨설팅,무료 체험,"기업체, 단체 워크숍 무료상담 신청하세요!",2024-07-04T22:07:00.203Z,2,2024-08-03T11:11:34.000Z,66871d047f4f2b001b80e6b8,visitor,0,Republic of Korea,,,2024-08-03T10:20:18.289Z,66ae0af8d706a0000635ebe6,페이지방문완료,1,web,온라인판매,무료 체험,0.0,2023-02-01,http://lp.iam2.co.kr/landing_thearam_0305/,,4bv7ii8qtj61j9ai,7.0,8.0,9.0,10,12.0,"{'value': 1, 'url': 'https://m.n-shine.com/order/basket.html', 'ip_address': '58.29.142.155', 'Referrer': 'https://m.n-shine.com/naturalshine/24ondo.html?cafe_mkt=ue_8event'}",{'ip': '58.29.142.155'}
,,,,2024-07-04T22:07:00.203Z,2,2024-08-03T11:11:34.000Z,66871d047f4f2b001b80e6b8,visitor,0,Republic of Korea,,,2024-08-03T10:20:18.289Z,66ae0aa0d706a0000635e076,스트롤다운,75,web,,,,,,,4bv7ii8qtj61j9ai,,,,,,"{'value': '75', 'price': 1, 'ip_address': '58.29.142.155'}",{'ip': '58.29.142.155'}
,,,,2024-07-04T22:07:00.203Z,2,2024-08-03T11:11:34.000Z,66871d047f4f2b001b80e6b8,visitor,0,Republic of Korea,,,2024-08-03T10:20:18.289Z,66ae0a8cd706a0000635dd91,스트롤다운,50,web,,,,,,,4bv7ii8qtj61j9ai,,,,,,"{'value': '50', 'price': 1, 'ip_address': '58.29.142.155'}",{'ip': '58.29.142.155'}
여가,워크숍 컨설팅,무료 체험,"기업체, 단체 워크숍 무료상담 신청하세요!",2024-07-04T22:07:00.203Z,2,2024-08-03T11:11:34.000Z,66871d047f4f2b001b80e6b8,visitor,0,Republic of Korea,,,2024-08-03T10:20:18.289Z,66ae0a8cd706a0000635dd8e,캠페인방문완료,2,web,온라인판매,무료 체험,0.0,2023-02-01,http://lp.iam2.co.kr/landing_thearam_0305/,,4bv7ii8qtj61j9ai,7.0,8.0,9.0,10,12.0,"{'value': 2, 'url': 'https://m.n-shine.com/order/orderform.html?basket_type=A0000&amp;delvtype=A', 'key': 'm.n-shine.com/order/orderform.html', 'ip_address': '58.29.142.155', 'UTMConent': '네츄럴샤인-자연으로 피부를 빛나게하다.', 'Referrer': 'https://m.n-shine.com/product/detail.html?product_no=1007', 'PageTitle': '네츄럴샤인-자연으로 피부를 빛나게하다.'}",{'ip': '58.29.142.155'}
,,,,2024-07-04T22:07:00.203Z,2,2024-08-03T11:11:34.000Z,66871d047f4f2b001b80e6b8,visitor,0,Republic of Korea,,,2024-08-03T10:20:18.289Z,66ae0a8c3c6fe600064d6ee5,페이지전환완료,1,web,,,,,,,4bv7ii8qtj61j9ai,,,,,,"{'value': 1, 'ip_address': '58.29.142.155', 'URL': 'https://m.n-shine.com/order/orderform.html?basket_type=A0000&amp;delvtype=A', 'Referrer': 'https://m.n-shine.com/product/detail.html?product_no=1007'}",{'ip': '58.29.142.155'}
,,,,2024-07-04T22:07:00.203Z,2,2024-08-03T11:11:34.000Z,66871d047f4f2b001b80e6b8,visitor,0,Republic of Korea,,,2024-08-03T10:20:18.289Z,66ae0a8c3c6fe600064d6ed7,사이트방문완료,1,web,,,,,,,4bv7ii8qtj61j9ai,,,,,,"{'value': 1, 'ip_address': '58.29.142.155', 'URL': 'https://m.n-shine.com/order/orderform.html?basket_type=A0000&amp;delvtype=A', 'Referrer': 'https://m.n-shine.com/product/detail.html?product_no=1007'}",{'ip': '58.29.142.155'}
여가,워크숍 컨설팅,무료 체험,"기업체, 단체 워크숍 무료상담 신청하세요!",2024-07-04T22:07:00.203Z,2,2024-08-03T11:11:34.000Z,66871d047f4f2b001b80e6b8,visitor,0,Republic of Korea,,,2024-08-03T10:20:18.289Z,66ae0a8c3c6fe600064d6ed6,visited_url,http://lp.iam2.co.kr/landing_thearam_0305/,web,온라인판매,무료 체험,0.0,2023-02-01,http://lp.iam2.co.kr/landing_thearam_0305/,,4bv7ii8qtj61j9ai,7.0,8.0,9.0,10,12.0,"{'value': 'https://m.n-shine.com/order/orderform.html?basket_type=A0000&amp;delvtype=A', 'referrer': 'https://m.n-shine.com/product/detail.html?product_no=1007', 'page_title': '네츄럴샤인-자연으로 피부를 빛나게하다.', 'ip_address': '58.29.142.155'}",{'ip': '58.29.142.155'}
여가,워크숍 컨설팅,무료 체험,"기업체, 단체 워크숍 무료상담 신청하세요!",2024-07-04T22:07:00.203Z,2,2024-08-03T11:11:34.000Z,66871d047f4f2b001b80e6b8,visitor,0,Republic of Korea,,,2024-08-03T10:20:18.289Z,66ae0a8c3c6fe600064d6ecb,사이트전환완료,1,web,온라인판매,무료 체험,0.0,2023-02-01,http://lp.iam2.co.kr/landing_thearam_0305/,,4bv7ii8qtj61j9ai,7.0,8.0,9.0,10,12.0,"{'value': 1, 'url': 'https://m.n-shine.com/order/orderform.html?basket_type=A0000&amp;delvtype=A', 'product': 'undefined', 'ip_address': '58.29.142.155', 'category': 'undefined', 'Referrer': 'https://m.n-shine.com/product/detail.html?product_no=1007'}",{'ip': '58.29.142.155'}
여가,워크숍 컨설팅,무료 체험,"기업체, 단체 워크숍 무료상담 신청하세요!",2024-07-04T22:07:00.203Z,2,2024-08-03T11:11:34.000Z,66871d047f4f2b001b80e6b8,visitor,0,Republic of Korea,,,2024-08-03T10:20:18.289Z,66ae0a8c3c6fe600064d6eca,페이지방문완료,1,web,온라인판매,무료 체험,0.0,2023-02-01,http://lp.iam2.co.kr/landing_thearam_0305/,,4bv7ii8qtj61j9ai,7.0,8.0,9.0,10,12.0,"{'value': 1, 'url': 'https://m.n-shine.com/order/orderform.html?basket_type=A0000&amp;delvtype=A', 'ip_address': '58.29.142.155', 'Referrer': 'https://m.n-shine.com/product/detail.html?product_no=1007'}",{'ip': '58.29.142.155'}
,,,,2024-07-04T22:07:00.203Z,2,2024-08-03T11:11:34.000Z,66871d047f4f2b001b80e6b8,visitor,0,Republic of Korea,,,2024-08-03T10:20:18.289Z,66ae0a8cd706a0000635dd60,스트롤다운,25,web,,,,,,,4bv7ii8qtj61j9ai,,,,,,"{'value': '25', 'price': 1, 'ip_address': '58.29.142.155'}",{'ip': '58.29.142.155'}
여가,워크숍 컨설팅,무료 체험,"기업체, 단체 워크숍 무료상담 신청하세요!",2024-07-04T22:07:00.203Z,2,2024-08-03T11:11:34.000Z,66871d047f4f2b001b80e6b8,visitor,0,Republic of Korea,,,2024-08-03T10:20:18.289Z,66ae0a27193e5400061ef64c,visited_url,http://lp.iam2.co.kr/landing_thearam_0305/,web,온라인판매,무료 체험,0.0,2023-02-01,http://lp.iam2.co.kr/landing_thearam_0305/,,4bv7ii8qtj61j9ai,7.0,8.0,9.0,10,12.0,"{'value': 'https://m.n-shine.com/product/detail.html?product_no=1007', 'referrer': 'https://m.n-shine.com/', 'page_title': '자연으로 피부를 빛나게 하다 ■ Natural Shine homepage■', 'ip_address': '58.29.142.155'}",{'ip': '58.29.142.155'}
여가,워크숍 컨설팅,무료 체험,"기업체, 단체 워크숍 무료상담 신청하세요!",2024-07-04T22:07:00.203Z,2,2024-08-03T11:11:34.000Z,66871d047f4f2b001b80e6b8,visitor,0,Republic of Korea,,,2024-08-03T10:20:18.289Z,66ae0a276bf68b000743b613,페이지방문완료,1,web,온라인판매,무료 체험,0.0,2023-02-01,http://lp.iam2.co.kr/landing_thearam_0305/,,4bv7ii8qtj61j9ai,7.0,8.0,9.0,10,12.0,"{'value': 1, 'url': 'https://m.n-shine.com/product/detail.html?product_no=1007', 'ip_address': '58.29.142.155', 'Referrer': 'https://m.n-shine.com/'}",{'ip': '58.29.142.155'}
,,,,2024-07-04T22:07:00.203Z,2,2024-08-03T11:11:34.000Z,66871d047f4f2b001b80e6b8,visitor,0,Republic of Korea,,,2024-08-03T10:20:18.289Z,66ae0a27d706a0000635d009,사이트방문완료,1,web,,,,,,,4bv7ii8qtj61j9ai,,,,,,"{'value': 1, 'ip_address': '58.29.142.155', 'URL': 'https://m.n-shine.com/product/detail.html?product_no=1007', 'Referrer': 'https://m.n-shine.com/'}",{'ip': '58.29.142.155'}
여가,워크숍 컨설팅,무료 체험,"기업체, 단체 워크숍 무료상담 신청하세요!",2024-07-04T22:07:00.203Z,2,2024-08-03T11:11:34.000Z,66871d047f4f2b001b80e6b8,visitor,0,Republic of Korea,,,2024-08-03T10:20:18.289Z,66ae0a21193e5400061ef5d2,사이트전환완료,1,web,온라인판매,무료 체험,0.0,2023-02-01,http://lp.iam2.co.kr/landing_thearam_0305/,,4bv7ii8qtj61j9ai,7.0,8.0,9.0,10,12.0,"{'value': 1, 'url': 'https://m.n-shine.com/naturalshine/24ondo.html?cafe_mkt=ue_8event', 'product': 'undefined', 'ip_address': '58.29.142.155', 'category': 'undefined', 'Referrer': ''}",{'ip': '58.29.142.155'}
,,,,2024-07-04T22:07:00.203Z,2,2024-08-03T11:11:34.000Z,66871d047f4f2b001b80e6b8,visitor,0,Republic of Korea,,,2024-08-03T10:20:18.289Z,66ae0a213c6fe600064d60d5,페이지전환완료,1,web,,,,,,,4bv7ii8qtj61j9ai,,,,,,"{'value': 1, 'ip_address': '58.29.142.155', 'URL': 'https://m.n-shine.com/naturalshine/24ondo.html?cafe_mkt=ue_8event', 'Referrer': ''}",{'ip': '58.29.142.155'}
,,,,2024-07-04T22:07:00.203Z,2,2024-08-03T11:11:34.000Z,66871d047f4f2b001b80e6b8,visitor,0,Republic of Korea,,,2024-08-03T10:20:18.289Z,66ae0a166a2994000612def0,스트롤다운,25,web,,,,,,,4bv7ii8qtj61j9ai,,,,,,"{'value': '25', 'price': 1, 'ip_address': '58.29.142.155'}",{'ip': '58.29.142.155'}
,,,,2024-07-04T22:07:00.203Z,2,2024-08-03T11:11:34.000Z,66871d047f4f2b001b80e6b8,visitor,0,Republic of Korea,,,2024-08-03T10:20:18.289Z,66ae0a16d706a0000635ceca,사이트방문완료,1,web,,,,,,,4bv7ii8qtj61j9ai,,,,,,"{'value': 1, 'ip_address': '58.29.142.155', 'URL': 'https://m.n-shine.com/naturalshine/24ondo.html?cafe_mkt=ue_8event', 'Referrer': ''}",{'ip': '58.29.142.155'}
여가,워크숍 컨설팅,무료 체험,"기업체, 단체 워크숍 무료상담 신청하세요!",2024-07-04T22:07:00.203Z,2,2024-08-03T11:11:34.000Z,66871d047f4f2b001b80e6b8,visitor,0,Republic of Korea,,,2024-08-03T10:20:18.289Z,66ae0a16d706a0000635cecb,페이지방문완료,1,web,온라인판매,무료 체험,0.0,2023-02-01,http://lp.iam2.co.kr/landing_thearam_0305/,,4bv7ii8qtj61j9ai,7.0,8.0,9.0,10,12.0,"{'value': 1, 'url': 'https://m.n-shine.com/naturalshine/24ondo.html?cafe_mkt=ue_8event', 'ip_address': '58.29.142.155', 'Referrer': ''}",{'ip': '58.29.142.155'}
여가,워크숍 컨설팅,무료 체험,"기업체, 단체 워크숍 무료상담 신청하세요!",2024-07-04T22:07:00.203Z,2,2024-08-03T11:11:34.000Z,66871d047f4f2b001b80e6b8,visitor,0,Republic of Korea,,,2024-08-03T10:20:18.289Z,66ae0a163c6fe600064d6011,캠페인방문완료,2,web,온라인판매,무료 체험,0.0,2023-02-01,http://lp.iam2.co.kr/landing_thearam_0305/,,4bv7ii8qtj61j9ai,7.0,8.0,9.0,10,12.0,"{'value': 2, 'url': 'https://m.n-shine.com/naturalshine/24ondo.html?cafe_mkt=ue_8event', 'key': 'm.n-shine.com/naturalshine/24ondo.html', 'ip_address': '58.29.142.155', 'UTMConent': '네츄럴샤인-자연으로 피부를 빛나게하다.', 'Referrer': '', 'PageTitle': '네츄럴샤인-자연으로 피부를 빛나게하다.'}",{'ip': '58.29.142.155'}
여가,워크숍 컨설팅,무료 체험,"기업체, 단체 워크숍 무료상담 신청하세요!",2024-07-04T22:07:00.203Z,2,2024-08-03T11:11:34.000Z,66871d047f4f2b001b80e6b8,visitor,0,Republic of Korea,,,2024-08-03T10:20:18.289Z,66ae0a16193e5400061ef505,visited_url,http://lp.iam2.co.kr/landing_thearam_0305/,web,온라인판매,무료 체험,0.0,2023-02-01,http://lp.iam2.co.kr/landing_thearam_0305/,,4bv7ii8qtj61j9ai,7.0,8.0,9.0,10,12.0,"{'value': 'https://m.n-shine.com/naturalshine/24ondo.html?cafe_mkt=ue_8event', 'referrer': '', 'page_title': '네츄럴샤인-자연으로 피부를 빛나게하다.', 'ip_address': '58.29.142.155'}",{'ip': '58.29.142.155'}
여가,워크숍 컨설팅,무료 체험,"기업체, 단체 워크숍 무료상담 신청하세요!",2024-07-04T22:07:00.203Z,2,2024-08-03T11:11:34.000Z,66871d047f4f2b001b80e6b8,visitor,0,Republic of Korea,,,2024-08-03T10:20:18.289Z,66ae09e56a2994000612db32,visited_url,http://lp.iam2.co.kr/landing_thearam_0305/,web,온라인판매,무료 체험,0.0,2023-02-01,http://lp.iam2.co.kr/landing_thearam_0305/,,4bv7ii8qtj61j9ai,7.0,8.0,9.0,10,12.0,"{'value': 'https://m.n-shine.com/naturalshine/24ssonda.html?cafe_mkt=ue_ssonda_0701', 'referrer': '', 'page_title': '네츄럴샤인-자연으로 피부를 빛나게하다.', 'ip_address': '58.29.142.155'}",{'ip': '58.29.142.155'}
여가,워크숍 컨설팅,무료 체험,"기업체, 단체 워크숍 무료상담 신청하세요!",2024-07-04T22:07:00.203Z,2,2024-08-03T11:11:34.000Z,66871d047f4f2b001b80e6b8,visitor,0,Republic of Korea,,,2024-08-03T10:20:18.289Z,66ae09e56bf68b000743b268,페이지방문완료,1,web,온라인판매,무료 체험,0.0,2023-02-01,http://lp.iam2.co.kr/landing_thearam_0305/,,4bv7ii8qtj61j9ai,7.0,8.0,9.0,10,12.0,"{'value': 1, 'url': 'https://m.n-shine.com/naturalshine/24ssonda.html?cafe_mkt=ue_ssonda_0701', 'ip_address': '58.29.142.155', 'Referrer': ''}",{'ip': '58.29.142.155'}
,,,,2024-07-04T22:07:00.203Z,2,2024-08-03T11:11:34.000Z,66871d047f4f2b001b80e6b8,visitor,0,Republic of Korea,,,2024-08-03T10:20:18.289Z,66ae09e56a2994000612db25,사이트방문완료,1,web,,,,,,,4bv7ii8qtj61j9ai,,,,,,"{'value': 1, 'ip_address': '58.29.142.155', 'URL': 'https://m.n-shine.com/naturalshine/24ssonda.html?cafe_mkt=ue_ssonda_0701', 'Referrer': ''}",{'ip': '58.29.142.155'}
,,,,2024-07-04T22:07:00.203Z,2,2024-08-03T11:11:34.000Z,66871d047f4f2b001b80e6b8,visitor,0,Republic of Korea,,,2024-08-03T10:20:18.289Z,66ae09e5d706a0000635cb35,스트롤다운,25,web,,,,,,,4bv7ii8qtj61j9ai,,,,,,"{'value': '25', 'price': 1, 'ip_address': '58.29.142.155'}",{'ip': '58.29.142.155'}
여가,워크숍 컨설팅,무료 체험,"기업체, 단체 워크숍 무료상담 신청하세요!",2024-07-04T22:07:00.203Z,2,2024-08-03T11:11:34.000Z,66871d047f4f2b001b80e6b8,visitor,0,Republic of Korea,,,2024-08-03T10:20:18.289Z,66ae09e5d706a0000635cb34,캠페인방문완료,2,web,온라인판매,무료 체험,0.0,2023-02-01,http://lp.iam2.co.kr/landing_thearam_0305/,,4bv7ii8qtj61j9ai,7.0,8.0,9.0,10,12.0,"{'value': 2, 'url': 'https://m.n-shine.com/naturalshine/24ssonda.html?cafe_mkt=ue_ssonda_0701', 'key': 'm.n-shine.com/naturalshine/24ssonda.html', 'ip_address': '58.29.142.155', 'UTMConent': '네츄럴샤인-자연으로 피부를 빛나게하다.', 'Referrer': '', 'PageTitle': '네츄럴샤인-자연으로 피부를 빛나게하다.'}",{'ip': '58.29.142.155'}
,,,,2024-07-04T22:07:00.203Z,2,2024-08-03T11:11:34.000Z,66871d047f4f2b001b80e6b8,visitor,0,Republic of Korea,,,2024-08-03T10:20:18.289Z,66ae04663c6fe600064cb213,스트롤다운,50,web,,,,,,,4bv7ii8qtj61j9ai,,,,,,"{'value': '50', 'price': 1, 'ip_address': '58.29.142.155'}",{'ip': '58.29.142.155'}
여가,워크숍 컨설팅,무료 체험,"기업체, 단체 워크숍 무료상담 신청하세요!",2024-07-04T22:07:00.203Z,2,2024-08-03T11:11:34.000Z,66871d047f4f2b001b80e6b8,visitor,0,Republic of Korea,,,2024-08-03T10:20:18.289Z,66ae0462d706a000063519cb,페이지방문완료,1,web,온라인판매,무료 체험,0.0,2023-02-01,http://lp.iam2.co.kr/landing_thearam_0305/,,4bv7ii8qtj61j9ai,7.0,8.0,9.0,10,12.0,"{'value': 1, 'url': 'https://m.n-shine.com/naturalshine/24ssonda.html?cafe_mkt=ue_ssonda_0726', 'ip_address': '58.29.142.155', 'Referrer': ''}",{'ip': '58.29.142.155'}
,,,,2024-07-04T22:07:00.203Z,2,2024-08-03T11:11:34.000Z,66871d047f4f2b001b80e6b8,visitor,0,Republic of Korea,,,2024-08-03T10:20:18.289Z,66ae0462d706a000063519ba,사이트방문완료,1,web,,,,,,,4bv7ii8qtj61j9ai,,,,,,"{'value': 1, 'ip_address': '58.29.142.155', 'URL': 'https://m.n-shine.com/naturalshine/24ssonda.html?cafe_mkt=ue_ssonda_0726', 'Referrer': ''}",{'ip': '58.29.142.155'}
